order_id,desired_delivery_time,order_price,ordered_time,tip,address_id,customer_id,status_id,payment_id,restaurant_id
1,2020-07-18 00:28:41,65.69,2020-07-18 00:07:41,15,23,314,4,799,40
2,2020-11-01 17:25:59,28.9,2020-11-01 16:56:59,7,61,701,4,596,42
3,2020-05-08 00:00:29,10.39,2020-05-07 23:39:29,26,95,485,4,538,17
4,2020-06-20 06:19:16,85.15,2020-06-20 05:36:16,50,63,692,2,269,45
5,2020-11-26 03:04:16,70.68,2020-11-26 02:33:16,48,29,547,1,660,3
6,2021-01-13 10:08:35,72.38,2021-01-13 09:33:35,10,83,604,1,731,27
7,2020-07-01 18:25:05,62.24,2020-07-01 17:40:05,14,46,475,2,118,44
8,2020-08-25 17:25:39,37.65,2020-08-25 17:07:39,5,57,316,2,888,18
9,2021-02-20 10:09:21,68.27,2021-02-20 09:59:21,27,33,682,2,449,47
10,2021-01-14 16:44:00,47.96,2021-01-14 16:18:00,24,24,600,4,523,3
11,2021-03-21 17:46:11,20.51,2021-03-21 17:36:11,18,87,558,3,994,40
12,2020-07-02 07:49:29,11.85,2020-07-02 07:02:29,30,75,601,2,42,48
13,2020-04-17 15:14:56,66.8,2020-04-17 14:53:56,15,65,338,4,48,12
14,2021-02-18 22:30:02,71.13,2021-02-18 22:20:02,7,18,581,4,873,2
15,2020-05-13 23:20:53,81.57,2020-05-13 22:37:53,26,8,560,1,598,24
16,2020-11-20 12:21:02,69.19,2020-11-20 11:42:02,5,57,357,1,795,37
17,2021-04-08 05:56:09,43.54,2021-04-08 05:21:09,41,4,337,1,186,47
18,2020-09-09 10:28:31,52.8,2020-09-09 10:11:31,33,91,320,4,512,39
19,2021-01-10 20:26:37,82.06,2021-01-10 19:38:37,7,62,571,2,329,11
20,2020-10-18 13:13:48,78.95,2020-10-18 12:34:48,21,6,351,3,296,19
21,2020-04-18 20:07:37,16.98,2020-04-18 19:21:37,7,19,734,4,68,16
22,2020-09-13 02:57:59,80.89,2020-09-13 02:16:59,49,5,624,4,804,24
23,2020-07-24 09:47:22,38.03,2020-07-24 09:30:22,33,13,482,3,650,37
24,2020-07-30 18:38:31,7.34,2020-07-30 17:51:31,23,85,523,1,707,22
25,2020-05-18 16:46:33,69.12,2020-05-18 15:59:33,14,89,427,2,703,20
26,2020-12-05 19:05:03,51.34,2020-12-05 18:49:03,28,96,343,3,968,7
27,2020-08-09 07:21:29,68.98,2020-08-09 07:02:29,25,29,353,3,146,4
28,2020-12-29 21:20:51,72.73,2020-12-29 20:50:51,49,84,478,2,322,25
29,2020-07-11 20:22:41,27.67,2020-07-11 19:44:41,19,87,396,3,720,48
30,2020-07-01 04:49:26,17.31,2020-07-01 03:58:26,21,28,573,2,948,13
31,2020-05-01 04:26:46,48.79,2020-05-01 03:38:46,24,32,523,3,210,26
32,2020-05-13 18:52:08,26.07,2020-05-13 18:27:08,39,79,464,4,362,50
33,2020-05-16 23:54:24,34.25,2020-05-16 23:08:24,46,22,553,4,360,31
34,2020-11-22 01:13:06,53.18,2020-11-22 00:45:06,22,95,510,4,265,13
35,2020-12-02 10:56:16,59.78,2020-12-02 10:17:16,11,48,411,3,786,7
36,2020-05-21 19:43:40,34.24,2020-05-21 18:54:40,37,40,591,4,939,1
37,2020-05-17 22:41:48,56.31,2020-05-17 21:44:48,28,59,485,1,438,16
38,2020-10-24 14:22:35,7.3,2020-10-24 13:34:35,3,84,463,3,111,9
39,2021-01-28 18:52:09,33.73,2021-01-28 18:09:09,49,74,640,2,733,5
40,2020-08-19 01:16:42,10.33,2020-08-19 00:37:42,6,73,767,1,613,43
41,2020-09-05 22:52:03,48.02,2020-09-05 22:24:03,9,17,317,1,222,37
42,2021-02-14 00:42:59,80.73,2021-02-13 23:43:59,30,22,618,4,937,45
43,2021-02-28 04:00:18,80.6,2021-02-28 03:33:18,29,12,553,4,858,41
44,2020-06-03 19:21:33,81.66,2020-06-03 18:28:33,20,43,705,3,909,12
45,2020-08-27 08:49:48,71.68,2020-08-27 08:09:48,18,19,791,3,478,50
46,2020-11-14 18:06:45,89.55,2020-11-14 17:56:45,22,91,406,1,585,7
47,2020-12-26 01:10:22,53.71,2020-12-26 00:46:22,28,100,516,3,121,8
48,2021-03-11 14:10:52,76.5,2021-03-11 13:32:52,23,52,784,3,950,37
49,2020-11-20 12:21:19,10.51,2020-11-20 11:42:19,5,30,542,4,89,9
50,2020-05-13 06:41:09,66.86,2020-05-13 05:48:09,48,16,408,3,876,8
51,2020-09-23 00:07:03,18.77,2020-09-22 23:35:03,34,27,732,4,403,12
52,2020-11-11 06:48:18,87.9,2020-11-11 06:30:18,22,38,437,2,623,40
53,2021-03-16 17:13:03,18.79,2021-03-16 16:18:03,22,21,332,3,483,1
54,2021-04-06 10:46:10,5.86,2021-04-06 09:50:10,35,86,633,1,723,40
55,2020-06-25 20:19:16,14.03,2020-06-25 19:19:16,11,42,551,4,834,23
56,2020-12-06 19:08:57,67.65,2020-12-06 18:41:57,10,97,768,3,315,11
57,2020-10-23 09:09:30,79.88,2020-10-23 08:12:30,20,1,354,2,290,27
58,2021-03-05 21:15:23,8.49,2021-03-05 20:33:23,12,48,651,1,345,31
59,2020-10-19 09:31:55,20.55,2020-10-19 08:34:55,9,62,510,3,223,11
60,2021-02-19 05:43:21,89.86,2021-02-19 05:21:21,6,83,791,4,545,29
61,2021-01-12 00:05:43,44.69,2021-01-11 23:17:43,15,100,664,2,839,44
62,2020-07-20 04:55:18,36.37,2020-07-20 04:07:18,36,33,409,4,246,18
63,2020-12-12 00:33:29,10.66,2020-12-12 00:22:29,29,53,662,3,407,22
64,2021-03-18 12:06:12,15.18,2021-03-18 11:06:12,16,66,749,2,700,18
65,2020-12-13 17:40:17,72.27,2020-12-13 16:58:17,41,11,378,4,233,25
66,2020-10-05 00:53:21,69.51,2020-10-05 00:33:21,8,59,527,4,826,10
67,2020-12-15 07:40:11,45.52,2020-12-15 06:54:11,29,61,713,2,536,42
68,2020-12-15 10:30:17,30.78,2020-12-15 09:39:17,15,89,701,1,143,2
69,2020-05-09 01:33:30,46.7,2020-05-09 00:55:30,42,53,631,3,653,50
70,2020-11-08 19:02:21,69.25,2020-11-08 18:49:21,45,38,724,2,831,44
71,2020-12-22 11:20:29,3.29,2020-12-22 11:01:29,29,15,761,3,242,45
72,2020-10-08 01:52:37,61.24,2020-10-08 01:01:37,22,66,470,2,423,30
73,2020-05-30 01:13:05,11.1,2020-05-30 00:16:05,14,87,428,3,978,8
74,2020-07-06 08:24:37,56.15,2020-07-06 07:51:37,9,52,311,4,949,19
75,2020-11-24 18:36:28,63.51,2020-11-24 18:11:28,35,31,696,2,498,4
76,2020-11-01 03:43:07,71.19,2020-11-01 03:28:07,45,47,799,2,144,23
77,2020-07-20 06:10:01,75.89,2020-07-20 05:16:01,47,53,774,3,533,2
78,2020-09-14 09:04:03,21.47,2020-09-14 08:17:03,11,72,603,1,692,47
79,2020-11-05 20:41:18,10.86,2020-11-05 20:23:18,7,85,691,4,535,49
80,2020-06-28 03:10:00,52.99,2020-06-28 02:18:00,12,78,511,1,910,6
81,2020-05-20 23:23:13,36.72,2020-05-20 22:55:13,30,88,696,2,745,50
82,2021-01-13 06:47:40,72.87,2021-01-13 06:37:40,19,52,556,1,485,4
83,2020-10-21 21:39:58,18.99,2020-10-21 20:48:58,50,61,757,3,388,24
84,2020-07-24 15:22:55,9.01,2020-07-24 14:23:55,44,28,582,3,167,3
85,2020-04-29 06:58:10,76.52,2020-04-29 05:58:10,22,87,362,1,448,39
86,2021-02-01 14:30:43,46.93,2021-02-01 13:56:43,18,16,738,2,517,48
87,2020-06-07 16:23:46,42.52,2020-06-07 15:51:46,40,41,721,2,842,14
88,2020-11-13 17:42:26,78.6,2020-11-13 17:14:26,27,86,794,2,30,1
89,2021-04-02 05:29:34,7.07,2021-04-02 04:37:34,10,23,653,4,351,39
90,2020-08-04 12:50:02,9.51,2020-08-04 12:34:02,20,12,597,2,227,10
91,2020-10-03 16:12:54,86.46,2020-10-03 15:37:54,8,58,613,4,172,46
92,2021-03-11 06:55:12,74.08,2021-03-11 06:08:12,18,6,568,4,921,33
93,2020-08-14 16:42:11,52.14,2020-08-14 15:58:11,17,39,487,1,537,38
94,2020-07-15 07:55:20,1.4,2020-07-15 07:07:20,35,22,332,1,126,12
95,2020-06-30 16:20:56,61.17,2020-06-30 15:39:56,19,39,792,2,625,36
96,2021-03-12 15:00:57,69.68,2021-03-12 14:40:57,2,88,505,2,155,15
97,2020-07-09 05:23:01,84.37,2020-07-09 05:05:01,31,42,390,1,863,47
98,2020-09-02 09:06:14,84.09,2020-09-02 08:29:14,19,71,611,3,905,5
99,2020-09-26 18:44:01,36.19,2020-09-26 17:48:01,42,76,569,4,116,26
100,2020-10-31 09:19:51,23.68,2020-10-31 08:59:51,47,28,714,1,496,45
101,2021-03-15 09:46:48,44.77,2021-03-15 09:29:48,7,55,678,1,796,13
102,2021-04-10 08:45:13,28.31,2021-04-10 08:16:13,7,25,325,2,424,34
103,2020-09-23 18:00:03,37.75,2020-09-23 17:32:03,31,21,392,1,832,37
104,2020-09-03 18:45:15,27.42,2020-09-03 18:18:15,34,38,678,4,207,14
105,2021-01-12 05:51:50,22.8,2021-01-12 05:16:50,38,50,736,1,182,1
106,2020-07-18 19:40:51,1.34,2020-07-18 19:02:51,49,99,571,2,176,49
107,2021-03-14 22:35:22,6.98,2021-03-14 22:18:22,44,20,693,4,969,43
108,2020-08-28 10:52:46,82.33,2020-08-28 10:04:46,30,46,439,2,321,35
109,2020-09-02 23:25:49,10.94,2020-09-02 22:49:49,12,68,321,3,451,23
110,2020-07-15 10:15:20,3.96,2020-07-15 09:46:20,49,82,517,4,343,27
111,2020-06-25 18:10:11,11.5,2020-06-25 17:56:11,40,77,588,1,444,20
112,2020-11-19 16:11:50,23.18,2020-11-19 15:22:50,33,83,580,1,965,33
113,2021-03-16 05:43:58,16.64,2021-03-16 05:01:58,12,74,368,3,737,45
114,2020-08-28 03:09:57,57.27,2020-08-28 02:38:57,23,52,318,1,98,11
115,2020-07-26 00:43:40,27.55,2020-07-25 23:57:40,7,46,409,4,838,49
116,2020-07-11 23:17:17,36.08,2020-07-11 22:44:17,21,27,437,4,339,4
117,2020-09-24 15:54:59,63.24,2020-09-24 15:25:59,4,80,451,4,634,12
118,2020-08-17 08:03:49,4.88,2020-08-17 07:03:49,37,11,424,3,499,39
119,2020-12-02 15:08:38,18.94,2020-12-02 14:49:38,48,75,792,2,841,29
120,2020-05-17 03:13:44,85.73,2020-05-17 02:40:44,16,14,625,2,920,3
121,2020-08-05 12:09:27,31.21,2020-08-05 11:50:27,2,3,674,1,971,31
122,2020-11-24 01:15:35,14.44,2020-11-24 00:49:35,24,82,686,3,455,18
123,2020-09-11 12:11:46,84.63,2020-09-11 11:28:46,37,38,459,1,465,12
124,2020-07-08 02:30:17,39.11,2020-07-08 02:19:17,35,53,529,1,860,6
125,2020-07-17 16:10:32,47.75,2020-07-17 15:32:32,23,55,393,2,104,1
126,2021-02-18 04:30:16,13.52,2021-02-18 03:52:16,43,32,551,4,754,45
127,2020-06-17 15:01:33,40.24,2020-06-17 14:29:33,19,58,787,1,33,38
128,2020-09-27 20:21:23,18.86,2020-09-27 19:58:23,49,53,741,4,788,24
129,2021-03-17 04:10:38,78.13,2021-03-17 03:56:38,11,63,312,2,636,37
130,2020-04-18 09:01:15,33.91,2020-04-18 08:37:15,25,1,742,4,18,10
131,2020-11-03 11:31:20,46.33,2020-11-03 11:17:20,4,49,516,1,649,36
132,2021-03-07 20:17:54,72.51,2021-03-07 19:25:54,1,91,708,4,173,16
133,2021-02-12 15:40:19,73.71,2021-02-12 15:26:19,4,80,545,3,870,27
134,2020-07-17 18:58:51,3.3,2020-07-17 18:03:51,48,71,406,4,422,4
135,2021-02-12 05:11:25,88.78,2021-02-12 04:22:25,28,51,772,2,531,39
136,2020-12-08 00:08:38,88.36,2020-12-07 23:42:38,1,13,425,3,916,50
137,2020-08-20 13:27:52,4.98,2020-08-20 12:56:52,15,66,641,4,608,48
138,2020-09-16 23:02:00,31.33,2020-09-16 22:09:00,33,20,422,4,993,31
139,2021-03-23 21:58:31,89.97,2021-03-23 21:07:31,9,97,710,2,658,14
140,2021-02-15 20:12:19,64.0,2021-02-15 19:40:19,37,45,547,2,194,14
141,2020-12-04 21:49:40,6.67,2020-12-04 21:15:40,31,79,534,3,120,1
142,2020-09-12 23:04:06,21.03,2020-09-12 22:21:06,15,68,560,1,554,27
143,2020-12-09 02:49:15,85.74,2020-12-09 02:10:15,27,65,620,4,149,2
144,2021-03-29 01:26:27,77.12,2021-03-29 00:53:27,49,77,367,2,693,31
145,2020-11-18 11:24:53,5.64,2020-11-18 10:40:53,1,42,480,1,871,16
146,2021-03-04 20:08:51,76.98,2021-03-04 19:10:51,35,33,417,4,180,10
147,2020-07-11 03:43:14,33.17,2020-07-11 03:28:14,24,85,524,4,349,50
148,2021-01-27 19:53:12,79.42,2021-01-27 19:06:12,30,11,567,1,609,17
149,2020-05-15 17:56:29,3.68,2020-05-15 17:45:29,40,52,527,4,494,46
150,2020-07-06 10:28:57,33.24,2020-07-06 09:59:57,33,22,385,3,822,5
151,2020-05-01 03:54:04,86.14,2020-05-01 03:27:04,35,71,720,1,757,21
152,2021-03-14 12:28:21,49.32,2021-03-14 11:52:21,41,69,641,2,216,27
153,2020-07-27 12:24:32,44.63,2020-07-27 11:44:32,29,18,342,3,198,3
154,2020-09-25 03:16:45,17.38,2020-09-25 02:41:45,18,31,410,1,297,45
155,2020-10-07 23:37:48,49.21,2020-10-07 23:11:48,41,68,448,3,235,47
156,2020-08-18 07:00:20,70.98,2020-08-18 06:44:20,21,38,625,3,446,7
157,2020-06-28 09:55:29,19.55,2020-06-28 08:58:29,3,47,782,2,815,50
158,2020-09-01 08:51:00,36.94,2020-09-01 07:58:00,15,59,442,4,616,50
159,2020-08-05 08:30:29,75.72,2020-08-05 07:34:29,24,86,630,1,288,21
160,2020-12-29 22:39:18,15.72,2020-12-29 22:23:18,9,40,462,2,504,24
161,2020-09-08 05:57:32,83.71,2020-09-08 05:35:32,33,34,531,3,193,35
162,2020-09-29 20:49:34,43.95,2020-09-29 20:05:34,14,39,429,2,334,4
163,2020-11-24 08:56:12,13.33,2020-11-24 08:45:12,42,92,453,3,947,16
164,2020-09-27 08:00:14,26.75,2020-09-27 07:28:14,39,49,559,2,259,38
165,2021-02-22 20:51:42,89.44,2021-02-22 20:18:42,50,86,552,4,453,9
166,2021-03-22 01:23:11,55.62,2021-03-22 00:40:11,20,17,568,3,986,40
167,2020-07-10 04:00:57,84.3,2020-07-10 03:05:57,18,81,444,1,743,34
168,2021-04-05 16:02:14,33.12,2021-04-05 15:13:14,35,65,650,3,588,43
169,2020-04-20 22:10:00,27.95,2020-04-20 21:32:00,32,96,666,3,79,8
170,2021-02-25 11:29:12,7.85,2021-02-25 10:57:12,9,82,513,3,215,6
171,2021-03-07 21:47:40,58.92,2021-03-07 20:48:40,40,54,519,3,272,8
172,2021-01-20 23:27:17,65.96,2021-01-20 23:02:17,34,86,331,2,260,17
173,2020-06-11 05:35:28,20.1,2020-06-11 04:43:28,36,37,741,1,97,11
174,2020-08-05 12:58:13,70.07,2020-08-05 12:00:13,6,55,715,4,39,15
175,2021-01-07 13:52:54,52.61,2021-01-07 13:18:54,35,27,788,1,546,45
176,2020-08-11 00:20:41,26.74,2020-08-10 23:36:41,26,87,534,3,989,48
177,2021-04-07 23:58:13,47.95,2021-04-07 23:29:13,30,45,761,1,571,36
178,2020-08-31 06:48:22,42.57,2020-08-31 06:23:22,22,39,507,4,508,8
179,2020-06-26 19:05:33,34.95,2020-06-26 18:39:33,8,10,709,2,190,40
180,2020-08-21 18:25:48,27.12,2020-08-21 17:49:48,35,65,470,2,274,14
181,2020-08-24 17:42:34,19.16,2020-08-24 17:17:34,38,73,436,3,862,49
182,2020-04-24 19:04:25,24.22,2020-04-24 18:16:25,49,86,630,1,332,15
183,2020-06-20 20:21:01,21.58,2020-06-20 20:01:01,47,11,770,2,587,16
184,2020-06-11 11:18:34,73.23,2020-06-11 11:00:34,12,21,583,4,181,14
185,2020-05-21 04:29:38,59.46,2020-05-21 03:45:38,21,20,675,2,103,45
186,2020-06-26 03:44:40,7.29,2020-06-26 03:22:40,43,90,504,3,674,37
187,2020-09-25 05:11:03,80.16,2020-09-25 05:01:03,5,49,646,4,593,28
188,2020-12-15 06:09:56,30.21,2020-12-15 05:43:56,22,78,639,4,195,29
189,2020-10-16 00:07:33,86.81,2020-10-15 23:24:33,34,26,549,2,938,28
190,2020-05-08 11:51:50,43.47,2020-05-08 11:41:50,12,90,313,1,117,47
191,2020-04-30 12:33:00,12.97,2020-04-30 12:20:00,18,45,780,2,293,33
192,2020-07-07 09:26:33,11.89,2020-07-07 08:46:33,27,96,529,2,11,33
193,2020-10-21 04:30:40,50.77,2020-10-21 03:43:40,42,47,600,3,984,17
194,2021-01-10 14:18:13,63.08,2021-01-10 13:20:13,42,26,513,4,734,41
195,2020-05-09 01:42:56,5.27,2020-05-09 01:21:56,37,39,389,3,999,5
196,2021-02-11 01:54:38,30.0,2021-02-11 01:18:38,27,61,583,4,461,6
197,2020-05-30 14:12:23,63.59,2020-05-30 13:42:23,28,60,672,1,756,36
198,2020-06-05 04:41:44,12.72,2020-06-05 04:19:44,31,92,457,2,933,12
199,2020-12-25 07:23:42,15.26,2020-12-25 06:43:42,6,96,543,4,370,19
200,2020-07-09 07:01:10,53.68,2020-07-09 06:32:10,21,67,770,4,630,40
201,2021-03-17 14:04:33,30.26,2021-03-17 13:14:33,3,65,485,3,497,26
202,2020-10-18 16:32:48,31.3,2020-10-18 15:39:48,6,70,439,2,502,35
203,2020-07-09 16:27:42,23.27,2020-07-09 15:47:42,15,78,440,1,125,17
204,2020-09-24 00:14:59,62.72,2020-09-23 23:20:59,12,76,702,4,405,14
205,2020-09-29 23:57:04,69.11,2020-09-29 23:06:04,1,40,647,2,232,17
206,2020-04-20 09:33:51,45.73,2020-04-20 09:22:51,12,39,319,3,484,18
207,2020-07-06 21:31:59,61.03,2020-07-06 21:04:59,9,61,517,2,902,31
208,2020-05-30 16:05:52,85.64,2020-05-30 15:45:52,18,3,789,2,809,23
209,2020-04-25 21:20:44,49.31,2020-04-25 21:10:44,21,3,637,1,633,31
210,2020-11-09 05:50:29,42.23,2020-11-09 05:05:29,19,5,423,3,38,20
211,2020-07-12 22:17:01,3.95,2020-07-12 21:28:01,44,44,637,1,220,21
212,2021-02-24 15:24:03,64.86,2021-02-24 15:03:03,19,67,549,4,353,16
213,2021-03-08 10:01:54,64.81,2021-03-08 09:22:54,26,56,611,3,558,35
214,2020-07-30 19:37:11,86.12,2020-07-30 19:16:11,32,75,375,1,459,20
215,2020-11-22 12:00:36,56.6,2020-11-22 11:11:36,5,69,556,1,340,14
216,2021-03-24 06:53:20,57.43,2021-03-24 06:22:20,39,78,480,2,219,12
217,2021-02-09 04:25:00,40.81,2021-02-09 03:42:00,24,70,739,3,291,31
218,2020-09-17 19:08:14,55.14,2020-09-17 18:40:14,42,92,350,3,119,8
219,2020-10-05 06:39:21,60.81,2020-10-05 06:24:21,42,9,655,2,286,8
220,2020-12-09 13:07:18,81.47,2020-12-09 12:21:18,43,37,597,4,63,32
221,2020-08-30 19:55:25,15.72,2020-08-30 18:58:25,47,15,355,2,271,6
222,2020-11-16 08:19:45,21.59,2020-11-16 07:45:45,4,14,408,2,872,30
223,2020-11-08 06:50:45,68.96,2020-11-08 06:02:45,43,7,522,1,729,10
224,2020-05-21 21:29:08,75.3,2020-05-21 20:30:08,47,3,492,3,476,15
225,2020-12-30 16:45:09,3.09,2020-12-30 15:46:09,50,18,420,2,454,43
226,2021-02-13 16:51:47,13.52,2021-02-13 16:04:47,33,35,616,1,147,24
227,2020-12-03 23:29:24,84.13,2020-12-03 22:44:24,28,9,611,2,710,43
228,2020-06-21 13:45:22,6.88,2020-06-21 13:02:22,20,84,656,1,84,48
229,2020-12-23 20:12:07,33.52,2020-12-23 19:42:07,1,15,395,2,664,25
230,2021-03-31 14:36:24,47.64,2021-03-31 14:10:24,30,71,663,1,527,17
231,2020-04-27 09:14:20,57.95,2020-04-27 08:27:20,40,52,513,1,58,41
232,2020-05-04 18:54:05,16.82,2020-05-04 18:44:05,4,29,778,4,295,25
233,2020-11-23 20:25:41,36.0,2020-11-23 20:06:41,19,28,717,3,619,28
234,2021-03-22 22:08:20,84.76,2021-03-22 21:53:20,6,63,401,1,128,43
235,2020-05-05 23:38:29,89.29,2020-05-05 23:14:29,13,57,349,2,726,26
236,2020-09-21 00:58:27,85.48,2020-09-21 00:15:27,17,21,732,1,893,18
237,2020-09-09 21:23:52,82.15,2020-09-09 20:46:52,4,79,514,4,695,9
238,2020-08-21 11:05:49,6.14,2020-08-21 10:45:49,22,80,632,1,789,35
239,2020-09-01 03:36:23,34.0,2020-09-01 02:45:23,17,5,594,4,2,7
240,2020-10-24 22:44:08,60.58,2020-10-24 22:12:08,11,11,544,4,943,16
241,2020-12-27 09:08:00,76.42,2020-12-27 08:35:00,5,73,548,3,620,40
242,2020-07-07 19:01:34,70.25,2020-07-07 18:09:34,6,97,726,1,381,14
243,2021-01-19 16:08:30,31.67,2021-01-19 15:20:30,1,68,788,3,980,49
244,2020-08-21 04:59:15,19.07,2020-08-21 04:41:15,7,67,435,4,803,27
245,2020-08-08 11:33:20,18.35,2020-08-08 11:22:20,44,20,712,3,213,41
246,2020-11-19 11:24:37,67.29,2020-11-19 11:04:37,31,60,710,4,942,31
247,2021-02-07 06:14:46,10.51,2021-02-07 05:52:46,2,33,424,4,589,37
248,2021-04-10 02:11:16,23.35,2021-04-10 01:48:16,7,58,487,1,342,25
249,2021-03-31 13:52:54,20.91,2021-03-31 12:53:54,10,86,746,3,90,7
250,2021-02-10 13:41:15,13.19,2021-02-10 12:53:15,48,41,747,3,41,49
251,2021-03-15 19:08:19,67.2,2021-03-15 18:14:19,42,100,696,1,50,2
252,2021-01-10 23:06:15,28.39,2021-01-10 22:35:15,48,60,794,1,278,25
253,2021-04-06 07:30:39,54.35,2021-04-06 06:35:39,28,83,764,2,768,12
254,2021-03-05 01:45:36,66.89,2021-03-05 01:34:36,33,24,677,2,741,7
255,2021-01-02 18:32:23,15.46,2021-01-02 18:17:23,1,16,573,4,522,25
256,2020-09-28 19:15:14,7.46,2020-09-28 18:50:14,25,81,670,3,560,31
257,2020-04-19 03:46:22,53.98,2020-04-19 03:07:22,27,17,672,1,954,18
258,2020-08-15 21:05:36,3.37,2020-08-15 20:09:36,47,63,430,3,652,24
259,2020-06-25 22:16:33,58.11,2020-06-25 21:49:33,12,46,513,2,276,27
260,2020-04-28 00:26:19,18.53,2020-04-27 23:42:19,34,47,628,4,137,40
261,2020-12-29 04:27:33,64.64,2020-12-29 04:14:33,49,77,541,1,776,34
262,2020-07-03 21:51:47,10.55,2020-07-03 21:09:47,25,2,545,3,513,13
263,2020-12-11 06:08:55,63.21,2020-12-11 05:39:55,30,72,670,1,264,35
264,2020-06-01 04:17:33,20.76,2020-06-01 03:20:33,34,46,717,4,316,16
265,2021-04-05 14:16:09,25.95,2021-04-05 13:47:09,19,47,497,1,254,28
266,2021-04-12 23:14:51,9.66,2021-04-12 23:01:51,26,59,651,1,420,16
267,2020-12-18 10:53:30,46.21,2020-12-18 10:33:30,22,61,718,4,510,28
268,2021-03-19 22:47:52,11.64,2021-03-19 22:12:52,43,46,418,1,886,4
269,2020-06-11 10:55:15,45.32,2020-06-11 10:24:15,15,97,719,4,879,28
270,2020-10-02 23:17:47,87.36,2020-10-02 22:49:47,43,94,378,4,579,32
271,2020-10-11 16:34:41,16.44,2020-10-11 16:20:41,15,6,625,2,629,46
272,2020-06-23 09:17:34,42.53,2020-06-23 08:29:34,12,2,626,4,578,44
273,2020-04-13 02:10:45,19.66,2020-04-13 01:41:45,29,80,473,3,562,8
274,2020-09-29 00:32:30,46.12,2020-09-29 00:19:30,47,96,571,4,887,39
275,2020-04-17 21:24:15,28.52,2020-04-17 20:59:15,29,93,335,3,150,9
276,2021-01-25 07:02:54,10.17,2021-01-25 06:08:54,10,93,321,2,482,4
277,2020-12-06 23:54:59,60.02,2020-12-06 23:03:59,13,54,553,4,289,2
278,2020-09-25 22:15:30,21.49,2020-09-25 21:20:30,31,37,648,1,473,7
279,2020-10-20 13:00:57,17.9,2020-10-20 12:23:57,38,100,396,3,196,5
280,2020-09-27 22:55:38,46.27,2020-09-27 22:20:38,37,30,375,2,371,46
281,2020-06-27 02:59:44,77.51,2020-06-27 02:24:44,31,17,362,3,767,26
282,2021-01-15 05:40:21,23.63,2021-01-15 05:02:21,20,64,789,3,400,28
283,2020-06-24 06:39:01,60.65,2020-06-24 06:27:01,26,23,434,3,855,31
284,2020-04-28 18:28:52,47.97,2020-04-28 17:33:52,5,58,326,3,866,20
285,2020-10-06 06:21:49,31.36,2020-10-06 05:46:49,25,49,565,2,80,9
286,2020-04-23 19:05:04,17.6,2020-04-23 18:09:04,48,29,709,1,974,25
287,2020-07-04 17:25:44,86.49,2020-07-04 16:46:44,6,48,598,2,568,39
288,2020-08-15 12:04:22,72.11,2020-08-15 11:24:22,28,94,466,4,354,44
289,2021-01-06 20:13:19,40.24,2021-01-06 19:18:19,50,18,799,4,959,13
290,2020-06-11 03:33:33,20.38,2020-06-11 03:11:33,43,28,404,2,481,25
291,2020-05-24 10:42:09,34.97,2020-05-24 10:09:09,10,75,362,3,847,44
292,2020-08-06 02:58:23,78.19,2020-08-06 02:41:23,32,12,722,1,124,20
293,2021-01-02 14:30:30,17.93,2021-01-02 14:14:30,23,97,398,4,985,34
294,2021-01-06 19:29:18,63.03,2021-01-06 18:57:18,39,85,614,4,364,14
295,2020-09-24 01:04:53,14.09,2020-09-24 00:52:53,24,29,638,3,426,7
296,2020-10-02 23:29:51,38.07,2020-10-02 22:32:51,20,22,603,3,174,4
297,2020-11-06 00:24:16,24.02,2020-11-05 23:48:16,12,66,369,1,687,17
298,2020-12-20 19:17:48,19.32,2020-12-20 18:50:48,36,99,418,3,410,2
299,2020-11-13 18:48:19,71.66,2020-11-13 18:10:19,39,68,440,3,530,32
300,2021-02-25 01:57:42,77.47,2021-02-25 01:06:42,39,51,415,3,363,42
301,2020-04-16 11:46:17,41.14,2020-04-16 11:04:17,49,50,319,4,110,6
302,2020-07-21 09:00:37,50.57,2020-07-21 08:02:37,24,85,661,3,570,12
303,2020-06-17 03:00:52,18.38,2020-06-17 02:25:52,37,35,779,1,528,12
304,2020-12-27 22:46:53,28.14,2020-12-27 22:13:53,26,25,618,3,49,44
305,2020-07-28 01:14:52,51.88,2020-07-28 00:40:52,31,37,510,4,641,50
306,2021-04-05 20:30:18,2.16,2021-04-05 19:34:18,34,11,360,2,614,18
307,2020-08-17 10:10:46,42.37,2020-08-17 09:28:46,46,41,451,4,810,14
308,2021-03-29 17:06:31,66.83,2021-03-29 16:55:31,11,68,420,2,549,33
309,2020-07-27 23:58:35,50.63,2020-07-27 23:27:35,13,12,580,4,730,2
310,2021-01-12 20:51:48,65.04,2021-01-12 20:14:48,32,21,408,2,392,1
311,2020-11-18 07:03:57,88.24,2020-11-18 06:24:57,10,46,738,1,601,45
312,2020-06-24 08:39:10,77.59,2020-06-24 07:47:10,43,85,775,1,896,46
313,2020-11-29 23:31:20,51.27,2020-11-29 22:31:20,45,52,386,1,301,5
314,2021-01-11 15:17:22,82.81,2021-01-11 14:17:22,45,51,746,2,881,20
315,2020-09-05 06:38:17,48.84,2020-09-05 05:48:17,35,76,330,3,304,7
316,2020-08-06 14:35:29,49.54,2020-08-06 14:09:29,8,75,585,2,854,9
317,2021-03-21 11:00:50,25.81,2021-03-21 10:32:50,32,31,537,4,844,6
318,2020-07-06 05:37:29,5.72,2020-07-06 04:49:29,34,9,317,1,66,16
319,2020-07-20 08:24:08,61.13,2020-07-20 07:40:08,49,99,430,4,237,16
320,2020-09-15 17:38:29,62.15,2020-09-15 16:56:29,29,47,540,1,856,39
321,2021-03-29 14:57:54,4.25,2021-03-29 14:17:54,14,66,771,4,12,18
322,2020-04-19 15:24:07,81.99,2020-04-19 14:37:07,40,4,791,4,520,17
323,2020-10-22 10:22:29,65.97,2020-10-22 09:53:29,45,60,591,2,665,25
324,2021-01-02 21:31:51,13.94,2021-01-02 21:07:51,36,34,696,3,727,1
325,2021-02-02 13:55:41,62.34,2021-02-02 13:28:41,32,22,475,3,292,8
326,2020-09-25 16:43:21,78.13,2020-09-25 16:15:21,41,11,659,4,425,13
327,2020-05-26 01:04:48,76.55,2020-05-26 00:48:48,24,90,392,4,380,20
328,2021-02-05 08:06:04,56.2,2021-02-05 07:21:04,25,62,665,2,552,10
329,2020-08-17 18:36:57,9.18,2020-08-17 18:25:57,42,80,583,4,20,9
330,2020-12-05 23:24:56,47.35,2020-12-05 23:07:56,22,100,779,2,386,12
331,2020-07-27 17:13:30,34.98,2020-07-27 16:44:30,10,54,505,1,752,2
332,2020-10-11 16:09:57,30.66,2020-10-11 15:35:57,36,74,718,1,543,38
333,2021-02-20 14:16:47,62.76,2021-02-20 14:00:47,40,26,672,4,904,38
334,2020-12-01 11:25:32,33.6,2020-12-01 10:52:32,2,38,511,1,391,19
335,2021-03-28 02:48:31,3.84,2021-03-28 01:48:31,15,39,426,1,718,16
336,2020-05-21 03:59:28,38.93,2020-05-21 03:32:28,45,76,777,3,211,36
337,2021-01-31 05:51:24,21.64,2021-01-31 05:38:24,6,45,451,1,976,45
338,2021-04-08 21:02:33,15.86,2021-04-08 20:35:33,42,90,328,4,112,32
339,2020-11-15 16:51:34,83.5,2020-11-15 16:03:34,12,43,694,4,1,40
340,2021-02-01 19:56:12,25.77,2021-02-01 19:37:12,34,96,615,1,433,11
341,2020-08-10 08:33:43,40.4,2020-08-10 08:12:43,46,32,499,3,591,16
342,2021-01-26 06:45:56,18.75,2021-01-26 06:27:56,21,34,597,3,62,1
343,2021-02-22 05:26:51,46.62,2021-02-22 05:11:51,7,19,707,4,514,3
344,2021-01-26 07:09:50,65.24,2021-01-26 06:49:50,36,7,405,2,706,2
345,2021-04-09 10:04:54,13.87,2021-04-09 09:34:54,11,31,392,3,851,42
346,2020-08-21 19:00:12,17.19,2020-08-21 18:12:12,31,44,686,4,911,42
347,2020-10-29 03:38:29,31.82,2020-10-29 02:43:29,40,4,571,1,56,3
348,2020-07-09 13:06:06,34.21,2020-07-09 12:41:06,36,91,626,2,398,34
349,2021-04-04 04:47:41,56.53,2021-04-04 04:29:41,11,50,489,1,224,18
350,2020-07-10 18:20:04,70.72,2020-07-10 17:51:04,25,45,312,4,622,37
351,2020-09-05 16:11:00,22.4,2020-09-05 15:27:00,37,32,685,3,970,34
352,2020-05-11 02:51:01,14.88,2020-05-11 02:30:01,37,95,479,2,136,14
353,2021-02-19 06:30:58,86.05,2021-02-19 06:18:58,22,13,543,1,929,26
354,2020-05-26 21:45:33,23.82,2020-05-26 20:55:33,37,54,391,3,283,9
355,2021-03-26 22:14:07,2.74,2021-03-26 21:14:07,11,79,645,3,203,24
356,2020-05-16 01:57:10,39.05,2020-05-16 01:08:10,37,40,704,4,378,2
357,2020-07-20 17:05:10,64.9,2020-07-20 16:22:10,46,38,617,4,532,12
358,2020-11-09 08:59:56,47.87,2020-11-09 08:38:56,45,22,478,4,708,11
359,2020-07-19 08:37:53,37.28,2020-07-19 08:11:53,43,40,470,3,228,21
360,2020-11-06 12:34:22,36.11,2020-11-06 12:08:22,50,95,336,2,183,33
361,2021-03-05 05:24:04,80.17,2021-03-05 04:39:04,9,24,427,4,467,28
362,2020-08-11 04:33:56,50.66,2020-08-11 03:52:56,9,92,555,2,580,27
363,2021-03-26 10:33:01,24.66,2021-03-26 10:10:01,33,96,481,2,894,21
364,2020-07-25 07:01:19,86.75,2020-07-25 06:31:19,12,59,712,4,113,22
365,2020-09-27 03:57:06,4.46,2020-09-27 03:04:06,49,7,580,3,686,28
366,2021-03-19 02:33:16,1.62,2021-03-19 01:59:16,12,94,353,3,373,34
367,2020-07-01 08:19:23,18.61,2020-07-01 08:03:23,21,1,424,3,188,21
368,2020-08-24 00:54:04,33.23,2020-08-24 00:20:04,33,11,577,3,961,13
369,2020-07-12 10:14:37,69.53,2020-07-12 09:32:37,47,51,556,2,917,21
370,2021-04-10 22:22:35,19.23,2021-04-10 21:29:35,44,45,302,4,330,4
371,2020-06-19 18:59:54,83.79,2020-06-19 18:42:54,7,64,680,4,582,34
372,2020-07-27 07:23:33,75.33,2020-07-27 07:03:33,30,8,577,1,781,7
373,2021-01-19 07:46:54,81.74,2021-01-19 07:32:54,49,87,724,4,626,34
374,2020-04-16 02:35:14,15.13,2020-04-16 01:44:14,39,80,418,1,777,10
375,2020-09-20 18:34:20,34.61,2020-09-20 17:58:20,42,90,326,3,722,11
376,2020-06-17 04:38:58,59.05,2020-06-17 04:05:58,47,39,557,1,178,33
377,2021-03-27 16:20:38,49.59,2021-03-27 15:58:38,24,67,613,4,889,42
378,2020-10-04 02:59:17,35.66,2020-10-04 02:21:17,9,15,419,1,409,9
379,2020-10-01 06:37:46,72.68,2020-10-01 05:41:46,14,80,441,1,684,33
380,2020-11-04 19:57:57,16.67,2020-11-04 19:01:57,7,47,598,4,785,19
381,2020-06-25 08:56:28,4.33,2020-06-25 08:10:28,18,68,321,2,277,1
382,2021-01-04 12:24:51,36.01,2021-01-04 11:47:51,16,27,719,1,479,32
383,2020-12-24 02:14:35,43.05,2020-12-24 01:46:35,37,29,490,4,185,6
384,2020-10-12 19:21:47,8.06,2020-10-12 18:41:47,45,66,314,1,681,40
385,2020-09-22 07:36:27,1.89,2020-09-22 06:53:27,17,14,379,2,148,19
386,2020-07-25 07:06:17,66.63,2020-07-25 06:48:17,14,31,766,3,794,39
387,2020-05-22 00:26:52,4.18,2020-05-21 23:27:52,36,33,740,1,189,18
388,2020-07-21 17:06:15,51.09,2020-07-21 16:33:15,37,16,484,4,458,33
389,2020-06-26 20:02:10,11.47,2020-06-26 19:44:10,37,31,462,4,307,3
390,2020-11-24 05:59:33,40.48,2020-11-24 05:37:33,31,74,681,1,37,35
391,2020-07-01 21:43:06,66.89,2020-07-01 20:59:06,46,61,468,2,946,50
392,2020-05-28 08:31:35,57.05,2020-05-28 07:39:35,33,69,663,3,850,18
393,2020-04-23 20:13:46,8.8,2020-04-23 19:55:46,7,70,757,2,123,37
394,2020-08-23 06:48:45,21.76,2020-08-23 06:35:45,30,85,596,1,599,14
395,2021-02-26 03:09:39,18.7,2021-02-26 02:28:39,46,85,374,1,697,17
396,2020-05-04 21:51:05,58.19,2020-05-04 21:05:05,27,29,646,3,963,28
397,2021-01-31 05:10:59,46.34,2021-01-31 04:33:59,32,59,363,4,282,48
398,2020-08-14 17:57:54,17.96,2020-08-14 17:09:54,15,65,631,2,429,37
399,2021-01-30 09:15:19,74.62,2021-01-30 08:37:19,48,35,552,3,749,7
400,2021-01-04 04:59:28,45.45,2021-01-04 04:27:28,31,7,309,4,154,17
401,2020-06-25 17:23:31,44.22,2020-06-25 16:30:31,5,17,648,2,480,47
402,2021-02-07 15:26:09,10.4,2021-02-07 14:30:09,40,58,537,3,584,34
403,2020-05-08 18:55:46,5.1,2020-05-08 18:34:46,41,2,583,1,898,16
404,2020-09-04 19:22:32,9.91,2020-09-04 18:54:32,34,69,693,3,696,24
405,2020-07-01 10:06:57,21.0,2020-07-01 09:32:57,7,91,337,1,412,6
406,2021-02-15 09:17:25,22.69,2021-02-15 08:41:25,14,47,701,1,338,2
407,2020-07-23 21:21:13,73.33,2020-07-23 20:27:13,41,92,680,1,61,33
408,2020-09-28 23:11:09,44.84,2020-09-28 22:31:09,24,72,771,3,23,36
409,2020-06-05 05:19:39,55.39,2020-06-05 04:37:39,22,56,799,3,666,36
410,2020-07-12 00:24:57,40.55,2020-07-11 23:33:57,15,7,600,4,132,14
411,2020-07-30 04:42:59,28.59,2020-07-30 04:27:59,5,17,496,3,396,41
412,2021-03-10 00:00:05,69.25,2021-03-09 23:19:05,19,62,301,1,81,29
413,2020-12-30 01:07:28,47.88,2020-12-30 00:25:28,2,47,519,1,540,7
414,2021-02-07 16:26:01,89.77,2021-02-07 15:51:01,38,95,360,3,830,30
415,2020-12-04 16:33:10,68.59,2020-12-04 16:13:10,36,41,331,4,437,26
416,2020-07-21 23:13:04,56.99,2020-07-21 22:45:04,10,76,607,4,299,6
417,2021-03-30 02:35:10,10.1,2021-03-30 02:02:10,39,60,705,3,384,34
418,2021-02-17 00:41:28,14.59,2021-02-16 23:54:28,45,76,749,2,91,5
419,2021-02-23 20:15:34,16.96,2021-02-23 19:15:34,39,17,653,4,772,9
420,2021-02-06 01:38:05,40.98,2021-02-06 00:54:05,28,89,766,3,820,16
421,2021-01-31 21:44:58,49.46,2021-01-31 20:45:58,26,5,482,4,539,49
422,2021-01-05 22:20:09,28.79,2021-01-05 21:56:09,12,96,768,1,525,11
423,2020-09-01 18:24:01,57.14,2020-09-01 17:43:01,6,10,730,3,153,49
424,2020-08-31 09:03:03,87.17,2020-08-31 08:03:03,50,28,618,1,659,30
425,2020-12-09 22:06:23,13.88,2020-12-09 21:07:23,26,45,649,3,255,2
426,2020-07-20 01:41:37,38.29,2020-07-20 01:19:37,40,60,552,4,358,49
427,2021-03-27 16:22:33,68.68,2021-03-27 15:25:33,28,36,342,3,161,5
428,2020-07-04 10:01:27,30.85,2020-07-04 09:47:27,46,57,544,2,325,26
429,2020-10-05 02:20:52,64.29,2020-10-05 02:00:52,22,31,354,4,773,26
430,2020-06-28 21:05:42,80.04,2020-06-28 20:39:42,5,5,544,2,877,8
431,2020-05-17 15:47:00,14.94,2020-05-17 14:52:00,17,24,473,1,411,22
432,2020-08-06 03:58:20,62.51,2020-08-06 03:35:20,27,67,576,3,967,26
433,2020-12-02 22:03:32,32.91,2020-12-02 21:09:32,36,62,317,3,382,16
434,2020-12-22 16:41:03,68.2,2020-12-22 16:29:03,22,71,302,2,827,16
435,2020-08-21 11:40:29,52.3,2020-08-21 11:09:29,10,89,700,1,234,30
436,2020-09-22 16:42:39,7.76,2020-09-22 16:04:39,3,73,528,4,261,48
437,2020-09-29 08:49:17,59.24,2020-09-29 08:06:17,13,51,674,1,895,44
438,2020-07-05 16:23:21,76.23,2020-07-05 15:49:21,2,89,567,2,443,15
439,2020-06-24 23:28:12,60.49,2020-06-24 23:16:12,34,59,682,1,808,33
440,2020-11-19 14:18:50,1.76,2020-11-19 13:35:50,15,26,303,2,557,10
441,2020-07-28 14:57:01,25.41,2020-07-28 14:28:01,10,62,471,4,690,12
442,2021-02-19 11:02:08,26.42,2021-02-19 10:14:08,15,15,437,3,581,25
443,2020-05-01 02:16:48,2.48,2020-05-01 01:23:48,33,52,380,4,333,49
444,2020-06-05 01:51:49,65.77,2020-06-05 01:00:49,22,50,712,4,394,25
445,2020-07-14 22:48:24,50.57,2020-07-14 21:54:24,1,60,436,4,751,18
446,2020-08-31 12:59:13,49.75,2020-08-31 12:12:13,47,95,666,1,521,50
447,2020-10-27 15:04:33,4.94,2020-10-27 14:26:33,42,90,694,3,257,20
448,2020-10-16 19:03:21,47.58,2020-10-16 18:15:21,31,29,514,2,368,23
449,2020-05-11 09:49:03,21.4,2020-05-11 09:04:03,50,93,740,4,793,11
450,2020-10-17 00:22:00,6.4,2020-10-16 23:31:00,19,91,459,3,739,22
451,2020-10-26 17:48:01,64.59,2020-10-26 16:54:01,24,38,631,1,610,45
452,2020-07-12 10:14:55,74.11,2020-07-12 09:46:55,45,24,450,2,569,15
453,2020-09-02 18:13:16,34.21,2020-09-02 17:29:16,8,26,463,3,606,22
454,2020-09-20 21:28:36,15.7,2020-09-20 20:56:36,10,90,495,4,945,33
455,2020-08-28 07:07:18,41.13,2020-08-28 06:45:18,15,21,360,2,244,16
456,2020-05-08 01:28:15,77.41,2020-05-08 00:49:15,16,3,347,2,439,5
457,2020-07-28 08:54:44,62.63,2020-07-28 08:19:44,34,55,631,2,187,31
458,2020-08-17 19:30:45,29.08,2020-08-17 18:36:45,3,16,453,3,59,36
459,2020-11-19 18:35:37,69.92,2020-11-19 18:00:37,35,52,353,3,238,43
460,2020-12-30 08:29:31,22.71,2020-12-30 07:55:31,12,10,704,2,462,2
461,2020-07-09 03:58:40,27.48,2020-07-09 03:19:40,17,58,500,1,816,28
462,2020-06-02 05:42:09,3.04,2020-06-02 05:22:09,32,60,667,4,253,18
463,2020-07-11 00:59:26,52.17,2020-07-11 00:07:26,42,73,483,1,106,19
464,2020-12-21 01:11:27,73.34,2020-12-21 00:55:27,9,37,424,1,308,43
465,2021-01-18 06:18:56,43.47,2021-01-18 05:55:56,11,9,325,3,28,2
466,2020-12-21 13:59:19,58.88,2020-12-21 13:21:19,9,95,680,2,76,13
467,2020-11-02 03:26:13,72.93,2020-11-02 02:45:13,22,89,602,2,47,33
468,2021-01-16 00:14:00,21.63,2021-01-15 23:51:00,7,88,429,2,442,44
469,2021-03-30 20:53:20,87.44,2021-03-30 20:05:20,37,26,513,1,735,15
470,2020-05-30 19:55:44,11.03,2020-05-30 19:29:44,11,50,343,4,574,4
471,2021-03-02 12:04:41,8.19,2021-03-02 11:24:41,7,88,671,3,566,47
472,2021-04-03 11:43:42,3.52,2021-04-03 11:01:42,5,51,468,1,250,49
473,2020-05-25 05:40:32,36.3,2020-05-25 05:09:32,38,10,581,4,923,49
474,2020-08-30 03:09:45,13.17,2020-08-30 02:55:45,20,16,444,4,604,10
475,2021-01-12 13:05:31,86.32,2021-01-12 12:06:31,7,88,785,1,34,37
476,2021-01-10 18:49:07,31.16,2021-01-10 18:26:07,41,87,501,4,702,9
477,2020-11-13 04:22:45,46.01,2020-11-13 03:55:45,26,28,328,1,86,27
478,2021-01-13 08:24:55,74.64,2021-01-13 07:28:55,23,75,745,4,668,31
479,2021-02-11 01:06:36,76.13,2021-02-11 00:35:36,6,88,683,4,78,19
480,2020-11-28 03:49:51,81.26,2020-11-28 03:12:51,21,15,370,2,92,46
481,2020-06-19 00:46:07,11.26,2020-06-18 23:53:07,3,9,732,1,366,45
482,2020-06-18 20:06:37,59.48,2020-06-18 19:44:37,22,18,376,1,69,41
483,2020-11-13 09:59:01,6.36,2020-11-13 09:14:01,5,40,505,1,953,19
484,2021-01-08 19:28:04,33.31,2021-01-08 18:47:04,28,73,793,4,14,3
485,2021-02-10 20:50:31,47.74,2021-02-10 19:50:31,32,82,737,4,677,38
486,2020-08-11 01:06:03,4.23,2020-08-11 00:16:03,49,7,336,1,935,15
487,2020-12-28 05:50:51,77.72,2020-12-28 05:31:51,43,69,588,3,140,1
488,2020-07-20 23:51:33,15.43,2020-07-20 23:08:33,26,17,567,1,225,43
489,2020-09-26 06:05:37,14.13,2020-09-26 05:05:37,25,13,511,3,8,28
490,2021-04-01 03:13:54,64.22,2021-04-01 02:36:54,47,12,652,2,897,1
491,2021-01-02 03:32:30,7.24,2021-01-02 02:56:30,32,69,567,2,678,21
492,2020-08-29 05:52:02,27.17,2020-08-29 05:02:02,22,15,726,3,655,25
493,2020-09-18 09:42:40,7.95,2020-09-18 08:48:40,24,57,336,4,204,35
494,2020-11-27 21:17:47,63.94,2020-11-27 20:49:47,31,61,338,2,511,26
495,2020-12-11 05:57:01,8.08,2020-12-11 05:04:01,16,93,313,3,736,12
496,2021-03-20 00:35:18,78.66,2021-03-19 23:38:18,40,23,418,4,75,44
497,2020-07-13 07:47:46,69.07,2020-07-13 07:29:46,33,91,794,1,141,17
498,2020-05-17 19:23:07,26.68,2020-05-17 18:25:07,5,16,628,3,519,45
499,2021-01-31 13:36:12,48.19,2021-01-31 12:39:12,43,34,409,4,10,48
500,2020-05-01 15:07:41,49.89,2020-05-01 14:55:41,25,46,769,2,323,27
501,2020-06-10 11:33:24,88.89,2020-06-10 11:01:24,42,98,613,4,725,9
502,2020-08-01 01:44:59,63.13,2020-08-01 00:49:59,43,36,456,3,32,50
503,2020-12-18 21:29:56,78.31,2020-12-18 20:37:56,21,54,659,2,551,18
504,2020-11-18 05:19:26,48.03,2020-11-18 05:06:26,18,52,659,4,573,47
505,2020-08-19 19:21:21,49.82,2020-08-19 18:26:21,1,85,795,1,158,36
506,2020-06-20 01:40:02,75.76,2020-06-20 01:10:02,45,89,504,1,802,11
507,2021-03-27 01:03:30,9.03,2021-03-27 00:47:30,42,83,755,2,875,12
508,2020-08-31 03:55:23,33.18,2020-08-31 03:28:23,30,41,762,1,129,49
509,2020-11-16 06:18:47,76.18,2020-11-16 05:45:47,23,39,464,4,663,9
510,2020-10-08 20:23:44,18.95,2020-10-08 19:55:44,39,10,382,3,101,29
511,2020-08-29 14:58:45,37.43,2020-08-29 14:10:45,37,13,366,2,311,26
512,2020-10-15 10:11:57,62.32,2020-10-15 09:18:57,40,47,416,4,544,24
513,2021-03-08 06:38:13,42.47,2021-03-08 06:22:13,36,57,301,3,548,37
514,2021-03-10 07:40:59,48.97,2021-03-10 07:14:59,41,18,464,3,82,29
515,2021-01-29 15:42:28,51.14,2021-01-29 15:09:28,41,99,371,3,550,28
516,2020-06-06 16:28:17,7.89,2020-06-06 15:50:17,2,20,612,3,107,5
517,2021-03-27 20:47:36,71.1,2021-03-27 19:55:36,30,61,642,3,724,15
518,2020-08-23 22:15:58,48.51,2020-08-23 21:52:58,46,64,530,4,553,50
519,2020-06-06 02:44:44,68.02,2020-06-06 02:27:44,5,22,431,1,925,10
520,2020-06-10 05:24:21,5.52,2020-06-10 05:01:21,47,54,800,1,142,30
521,2020-04-24 06:10:00,60.22,2020-04-24 05:42:00,46,10,612,2,100,20
522,2021-04-03 10:17:23,10.35,2021-04-03 09:23:23,14,77,725,2,819,50
523,2020-11-20 08:44:41,38.47,2020-11-20 07:55:41,3,8,597,3,853,30
524,2020-12-31 23:35:08,35.48,2020-12-31 23:19:08,17,8,569,2,177,22
525,2020-04-21 13:42:38,78.89,2020-04-21 13:29:38,6,77,480,4,770,48
526,2020-09-21 14:10:19,42.12,2020-09-21 13:27:19,6,39,345,4,179,23
527,2020-09-19 03:17:04,27.93,2020-09-19 02:43:04,1,12,588,4,747,35
528,2020-05-03 06:54:18,2.52,2020-05-03 06:06:18,20,27,484,3,561,30
529,2021-03-04 05:07:31,61.17,2021-03-04 04:23:31,22,17,711,2,782,3
530,2020-05-20 14:55:35,43.72,2020-05-20 14:42:35,8,84,309,4,25,47
531,2020-09-28 10:02:02,61.56,2020-09-28 09:37:02,38,64,767,4,516,6
532,2020-09-08 15:39:49,28.04,2020-09-08 14:47:49,21,21,570,3,590,7
533,2020-07-16 02:26:11,16.93,2020-07-16 01:48:11,25,98,693,3,507,17
534,2020-09-16 13:53:18,69.03,2020-09-16 13:40:18,5,57,786,1,341,30
535,2021-03-09 11:26:47,45.86,2021-03-09 10:52:47,12,96,565,1,355,7
536,2020-05-05 13:47:52,82.29,2020-05-05 13:21:52,33,33,781,4,175,30
537,2020-05-01 11:36:28,68.93,2020-05-01 11:03:28,7,24,376,2,673,29
538,2020-09-15 19:15:19,69.02,2020-09-15 18:45:19,45,39,551,1,456,2
539,2020-11-22 10:23:09,14.05,2020-11-22 09:54:09,31,66,690,2,236,4
540,2021-01-13 03:55:20,26.13,2021-01-13 03:12:20,28,32,380,2,713,44
541,2020-06-28 03:38:06,89.89,2020-06-28 03:02:06,50,46,531,1,52,48
542,2020-07-18 22:33:08,57.09,2020-07-18 22:14:08,32,68,707,4,387,17
543,2020-10-12 20:09:04,73.98,2020-10-12 19:53:04,1,70,402,3,421,33
544,2020-05-26 23:52:36,61.1,2020-05-26 23:00:36,39,34,373,1,70,44
545,2021-03-11 15:11:29,9.24,2021-03-11 14:24:29,47,99,325,1,728,34
546,2021-03-18 13:47:05,69.12,2021-03-18 13:32:05,42,2,454,2,356,50
547,2020-05-22 15:47:01,62.08,2020-05-22 15:11:01,32,10,596,1,435,45
548,2020-10-08 05:38:10,34.31,2020-10-08 05:24:10,10,33,535,4,470,41
549,2020-06-01 15:44:13,4.85,2020-06-01 15:28:13,12,80,707,3,359,39
550,2020-07-30 08:43:23,4.76,2020-07-30 07:59:23,35,74,637,3,628,9
551,2020-06-18 22:18:35,42.36,2020-06-18 21:32:35,13,31,599,1,162,46
552,2020-05-14 23:54:52,22.68,2020-05-14 23:02:52,19,35,751,1,798,42
553,2021-02-23 20:15:47,68.67,2021-02-23 19:45:47,29,4,607,2,605,49
554,2020-05-18 05:29:26,12.15,2020-05-18 05:08:26,29,76,622,3,637,4
555,2021-03-22 12:52:57,55.88,2021-03-22 11:59:57,12,49,480,1,73,16
556,2020-04-15 14:18:44,87.28,2020-04-15 13:35:44,42,14,713,2,779,48
557,2021-03-27 12:52:38,34.85,2021-03-27 12:12:38,6,59,536,2,168,24
558,2020-12-14 11:32:38,47.84,2020-12-14 10:36:38,25,67,688,4,541,7
559,2020-07-09 19:44:06,75.67,2020-07-09 19:25:06,4,94,390,3,607,22
560,2020-08-18 15:48:27,63.62,2020-08-18 14:53:27,6,79,779,2,248,33
561,2020-05-23 20:20:33,5.62,2020-05-23 19:31:33,40,70,624,1,857,44
562,2020-06-20 20:20:00,1.42,2020-06-20 19:59:00,39,83,784,3,600,49
563,2020-04-26 22:24:00,26.0,2020-04-26 22:01:00,39,77,743,1,689,48
564,2020-04-27 19:48:56,5.04,2020-04-27 18:54:56,17,90,527,3,624,8
565,2020-09-12 15:45:07,86.83,2020-09-12 15:02:07,27,85,412,2,771,1
566,2021-03-18 07:05:47,29.99,2021-03-18 06:50:47,15,18,688,2,840,27
567,2020-06-16 20:50:33,71.6,2020-06-16 20:22:33,19,41,671,1,750,49
568,2021-02-19 22:29:59,30.82,2021-02-19 21:55:59,18,39,620,2,397,26
569,2020-12-09 18:22:50,68.65,2020-12-09 17:43:50,1,76,313,3,542,49
570,2020-12-24 03:14:40,38.69,2020-12-24 03:01:40,3,15,800,2,127,8
571,2020-07-14 08:00:17,18.0,2020-07-14 07:40:17,25,72,745,1,256,14
572,2020-06-24 03:58:49,71.95,2020-06-24 03:23:49,23,42,728,1,814,6
573,2020-11-01 13:52:39,44.44,2020-11-01 12:59:39,32,31,551,1,280,32
574,2020-05-01 13:58:51,71.09,2020-05-01 13:20:51,46,48,400,4,951,34
575,2020-08-04 08:04:15,39.9,2020-08-04 07:11:15,27,74,710,3,746,45
576,2020-07-05 06:04:23,17.07,2020-07-05 05:26:23,42,97,378,4,699,39
577,2020-05-21 08:55:56,40.05,2020-05-21 08:41:56,45,11,316,3,96,18
578,2020-10-04 20:12:00,83.28,2020-10-04 20:01:00,3,56,770,2,865,6
579,2020-04-17 19:03:35,68.42,2020-04-17 18:46:35,2,41,535,2,365,23
580,2021-01-01 08:20:13,22.67,2021-01-01 08:01:13,41,15,635,3,287,24
581,2021-01-18 18:03:37,40.04,2021-01-18 17:45:37,50,38,584,2,878,26
582,2020-04-15 20:45:09,51.7,2020-04-15 20:13:09,31,31,601,2,890,27
583,2021-04-09 21:06:04,66.78,2021-04-09 20:23:04,22,29,742,2,7,36
584,2021-01-12 19:31:44,13.4,2021-01-12 19:17:44,39,91,680,3,493,19
585,2020-04-13 19:16:47,34.54,2020-04-13 18:30:47,23,52,637,2,671,44
586,2020-11-23 04:17:12,17.17,2020-11-23 03:42:12,22,55,565,2,787,37
587,2020-06-25 01:35:56,30.55,2020-06-25 00:36:56,46,77,706,3,206,4
588,2021-01-25 04:32:21,56.62,2021-01-25 03:56:21,36,86,691,3,3,1
589,2021-03-19 02:21:05,26.59,2021-03-19 01:33:05,5,24,322,3,240,11
590,2021-03-28 10:33:43,30.56,2021-03-28 09:35:43,7,15,444,2,812,39
591,2020-09-04 06:53:46,28.75,2020-09-04 06:39:46,21,10,686,4,357,47
592,2020-04-18 08:48:02,23.69,2020-04-18 08:11:02,50,75,313,2,900,15
593,2020-11-26 16:27:49,84.97,2020-11-26 15:47:49,6,13,615,3,294,10
594,2020-10-20 03:55:57,70.48,2020-10-20 03:15:57,39,90,534,1,972,5
595,2020-04-25 16:20:02,29.21,2020-04-25 15:48:02,41,10,398,3,348,8
596,2021-03-14 03:28:49,6.67,2021-03-14 02:58:49,6,53,704,3,350,29
597,2020-10-21 14:18:58,76.12,2020-10-21 14:07:58,38,75,345,4,268,35
598,2020-09-12 06:22:53,59.68,2020-09-12 05:28:53,5,48,422,4,270,16
599,2020-06-27 13:59:32,17.05,2020-06-27 13:05:32,30,63,471,1,555,27
600,2020-12-13 14:37:03,38.02,2020-12-13 14:16:03,1,90,687,4,285,40
601,2020-12-01 13:53:36,1.98,2020-12-01 13:26:36,15,20,639,3,501,14
602,2020-05-19 21:35:12,26.47,2020-05-19 21:06:12,19,76,705,1,440,11
603,2020-05-18 08:14:57,19.99,2020-05-18 07:34:57,29,73,547,3,849,34
604,2020-06-04 14:42:48,21.19,2020-06-04 14:01:48,29,17,479,3,761,35
605,2021-03-30 07:11:50,50.22,2021-03-30 06:35:50,50,95,470,3,669,37
606,2020-05-19 00:05:23,76.92,2020-05-18 23:06:23,1,75,609,3,716,13
607,2020-05-19 09:09:36,46.11,2020-05-19 08:26:36,14,81,516,2,797,13
608,2020-05-25 09:31:03,64.79,2020-05-25 08:55:03,42,89,672,1,672,42
609,2021-02-06 15:25:51,58.76,2021-02-06 14:26:51,29,16,466,4,463,1
610,2020-06-07 08:00:13,1.8,2020-06-07 07:41:13,47,98,450,3,138,42
611,2020-06-24 23:23:20,42.3,2020-06-24 22:28:20,9,99,412,3,817,24
612,2020-08-03 20:28:56,84.66,2020-08-03 20:00:56,13,46,493,2,35,19
613,2020-12-09 07:33:02,50.13,2020-12-09 07:16:02,5,16,494,4,406,23
614,2020-07-05 19:56:23,69.95,2020-07-05 19:27:23,16,75,631,4,575,3
615,2020-11-15 00:06:52,3.92,2020-11-14 23:27:52,30,26,636,1,416,25
616,2020-05-14 16:18:28,53.12,2020-05-14 15:18:28,5,19,555,3,54,22
617,2020-07-17 11:17:45,8.09,2020-07-17 11:04:45,24,77,614,2,130,12
618,2020-10-13 02:13:03,33.52,2020-10-13 02:03:03,20,20,797,3,200,22
619,2020-05-16 11:06:03,21.01,2020-05-16 10:49:03,43,38,789,1,534,4
620,2021-02-08 18:16:18,27.28,2021-02-08 18:05:18,2,3,403,4,880,44
621,2020-12-01 10:47:41,87.36,2020-12-01 10:01:41,49,74,595,3,192,27
622,2020-11-03 02:27:17,4.0,2020-11-03 01:32:17,40,98,321,2,389,16
623,2020-09-18 07:06:17,11.75,2020-09-18 06:21:17,46,35,633,4,944,35
624,2020-09-21 08:37:59,81.9,2020-09-21 08:09:59,18,89,778,2,160,41
625,2021-03-06 03:30:22,53.06,2021-03-06 02:38:22,26,69,399,1,105,13
626,2021-02-02 10:53:32,79.88,2021-02-02 10:18:32,26,64,479,2,764,42
627,2020-11-20 03:01:07,3.54,2020-11-20 02:16:07,39,98,737,4,93,33
628,2020-05-12 01:35:06,19.97,2020-05-12 01:13:06,11,60,441,2,828,44
629,2020-08-27 18:04:22,42.85,2020-08-27 17:13:22,20,19,780,2,399,46
630,2020-10-19 18:07:49,77.65,2020-10-19 17:31:49,23,21,500,1,74,42
631,2020-05-18 17:52:33,62.42,2020-05-18 17:13:33,28,24,458,2,401,14
632,2020-08-11 06:27:31,80.62,2020-08-11 05:36:31,13,57,589,4,441,9
633,2020-12-31 08:13:50,86.23,2020-12-31 07:33:50,8,99,529,2,711,25
634,2021-01-24 06:58:28,39.51,2021-01-24 06:30:28,46,49,718,2,962,23
635,2021-04-02 20:21:46,54.47,2021-04-02 19:53:46,17,65,787,2,326,20
636,2020-04-20 14:24:05,1.32,2020-04-20 14:04:05,46,28,798,4,586,31
637,2020-12-21 00:28:32,75.2,2020-12-20 23:55:32,9,78,535,1,583,18
638,2021-01-30 18:28:11,43.21,2021-01-30 18:05:11,28,21,609,1,231,11
639,2020-12-10 11:02:09,18.06,2020-12-10 10:07:09,20,32,426,4,428,45
640,2020-07-31 21:02:13,83.18,2020-07-31 20:03:13,41,80,376,2,829,8
641,2020-11-27 09:06:18,73.52,2020-11-27 08:13:18,10,6,526,4,627,30
642,2020-06-14 05:53:58,47.0,2020-06-14 05:23:58,17,48,625,3,475,6
643,2021-03-05 20:19:17,17.81,2021-03-05 19:49:17,34,88,640,3,997,8
644,2020-09-19 04:29:58,87.55,2020-09-19 03:43:58,48,63,365,1,472,5
645,2020-12-29 17:20:39,53.0,2020-12-29 16:25:39,48,47,782,2,367,48
646,2021-01-04 23:51:08,7.0,2021-01-04 23:24:08,40,90,539,1,901,16
647,2020-06-14 03:06:48,52.72,2020-06-14 02:20:48,40,78,517,2,790,11
648,2020-08-12 09:02:11,14.31,2020-08-12 08:32:11,18,10,676,2,5,28
649,2020-11-15 01:01:10,56.26,2020-11-15 00:48:10,36,89,499,1,694,4
650,2021-01-02 02:49:25,44.24,2021-01-02 02:17:25,4,80,596,4,874,20
651,2020-05-02 23:31:37,12.89,2020-05-02 23:20:37,25,44,629,3,973,41
652,2020-05-03 08:49:47,23.35,2020-05-03 08:06:47,34,43,564,1,934,46
653,2020-10-27 09:06:30,1.93,2020-10-27 08:25:30,10,62,339,4,319,18
654,2020-09-30 11:06:44,23.57,2020-09-30 10:26:44,49,24,705,2,996,31
655,2021-02-27 13:15:02,27.59,2021-02-27 13:05:02,21,43,372,4,642,27
656,2021-02-04 20:08:02,16.09,2021-02-04 19:57:02,31,46,762,4,94,28
657,2020-08-27 06:06:30,73.98,2020-08-27 05:10:30,50,83,356,3,903,17
658,2021-02-18 13:04:40,37.28,2021-02-18 12:35:40,9,8,751,3,836,3
659,2020-11-05 23:59:55,47.76,2020-11-05 23:17:55,25,96,763,1,171,31
660,2020-07-24 09:10:21,40.56,2020-07-24 08:12:21,24,37,537,2,883,34
661,2020-10-19 19:39:13,47.55,2020-10-19 19:20:13,18,71,582,4,928,29
662,2020-10-16 19:38:35,54.66,2020-10-16 18:38:35,23,18,709,2,701,8
663,2020-12-14 01:32:29,68.63,2020-12-14 00:45:29,25,99,361,3,450,16
664,2020-07-23 11:39:56,24.43,2020-07-23 11:04:56,5,14,398,2,64,18
665,2020-11-24 01:00:59,15.03,2020-11-24 00:38:59,8,12,692,4,631,11
666,2020-08-17 11:38:17,62.87,2020-08-17 10:53:17,27,85,502,2,688,3
667,2020-06-24 20:19:55,55.84,2020-06-24 19:38:55,23,21,443,3,273,32
668,2020-10-16 03:37:27,23.87,2020-10-16 03:03:27,23,56,442,2,432,22
669,2020-07-05 05:38:20,4.02,2020-07-05 04:53:20,23,75,608,3,170,34
670,2020-12-10 09:40:49,78.53,2020-12-10 09:12:49,13,100,434,2,46,37
671,2020-09-07 18:14:37,77.88,2020-09-07 17:47:37,26,47,412,4,852,10
672,2020-10-13 04:54:43,57.01,2020-10-13 04:36:43,7,31,522,2,783,50
673,2020-11-10 07:34:56,86.72,2020-11-10 06:59:56,21,34,650,2,907,48
674,2020-07-20 05:52:56,48.01,2020-07-20 05:29:56,43,42,702,3,67,38
675,2020-06-19 15:15:15,18.28,2020-06-19 14:40:15,25,23,439,1,760,8
676,2020-08-28 04:00:16,4.22,2020-08-28 03:01:16,31,19,339,3,825,15
677,2020-08-13 07:06:20,74.25,2020-08-13 06:48:20,45,25,412,1,679,45
678,2021-04-12 19:46:50,18.93,2021-04-12 19:32:50,14,4,531,3,657,2
679,2020-11-12 13:13:50,50.69,2020-11-12 12:46:50,8,11,618,4,992,16
680,2020-10-24 01:33:50,60.57,2020-10-24 00:49:50,31,80,463,4,643,34
681,2020-05-14 21:56:01,81.66,2020-05-14 20:58:01,8,81,520,1,940,20
682,2020-08-04 08:17:10,73.01,2020-08-04 08:07:10,38,51,437,4,184,35
683,2020-07-21 02:07:04,59.48,2020-07-21 01:26:04,35,30,430,1,55,46
684,2020-08-18 13:54:10,1.32,2020-08-18 13:10:10,33,40,443,3,845,36
685,2020-11-17 03:47:52,20.44,2020-11-17 03:25:52,38,75,724,3,477,4
686,2021-03-22 05:55:35,10.52,2021-03-22 05:36:35,19,24,732,2,704,42
687,2020-05-25 10:46:35,48.16,2020-05-25 10:25:35,38,99,362,2,390,8
688,2020-10-04 14:01:50,1.16,2020-10-04 13:14:50,24,15,605,2,239,48
689,2020-09-09 13:25:05,49.86,2020-09-09 12:46:05,45,59,797,2,577,7
690,2020-08-20 08:38:29,56.59,2020-08-20 08:11:29,16,64,527,2,413,9
691,2021-01-24 10:48:15,48.71,2021-01-24 10:28:15,38,83,656,3,159,43
692,2020-10-26 19:20:05,78.48,2020-10-26 19:01:05,43,70,577,2,115,49
693,2021-03-21 22:54:04,29.24,2021-03-21 22:03:04,12,52,640,3,279,48
694,2020-12-28 04:12:51,35.51,2020-12-28 03:52:51,4,5,618,4,526,41
695,2021-04-09 00:44:51,37.48,2021-04-09 00:15:51,21,58,733,3,956,3
696,2020-04-24 23:55:24,35.08,2020-04-24 22:57:24,8,83,600,2,594,15
697,2020-04-16 01:33:38,88.38,2020-04-16 00:47:38,43,14,426,4,617,6
698,2021-01-06 18:39:26,71.13,2021-01-06 18:02:26,37,82,673,1,632,32
699,2020-09-20 13:44:37,12.15,2020-09-20 13:29:37,40,27,648,3,466,26
700,2021-03-07 07:27:44,45.97,2021-03-07 06:39:44,30,6,522,2,275,17
701,2020-07-08 00:05:43,10.32,2020-07-07 23:40:43,8,24,557,1,122,31
702,2020-06-23 09:02:04,33.75,2020-06-23 08:47:04,35,10,419,3,51,18
703,2020-07-02 14:21:40,88.16,2020-07-02 13:52:40,18,1,588,4,964,30
704,2020-05-01 03:09:14,28.93,2020-05-01 02:58:14,29,27,497,2,40,31
705,2020-05-27 18:53:11,85.41,2020-05-27 18:30:11,35,35,370,4,469,32
706,2020-10-24 18:26:19,89.67,2020-10-24 17:47:19,10,88,520,2,595,42
707,2021-02-15 20:36:47,21.14,2021-02-15 20:12:47,36,80,521,3,715,4
708,2021-02-03 06:14:19,82.02,2021-02-03 06:01:19,34,95,732,1,738,36
709,2020-09-15 22:21:28,51.73,2020-09-15 22:03:28,39,99,450,4,156,16
710,2020-12-15 14:20:35,85.06,2020-12-15 13:52:35,41,11,515,3,846,34
711,2020-11-29 07:02:16,44.32,2020-11-29 06:10:16,16,50,331,4,612,40
712,2020-06-27 06:35:18,54.45,2020-06-27 05:36:18,17,43,476,4,247,9
713,2020-06-12 10:48:51,26.55,2020-06-12 10:27:51,30,33,758,3,806,12
714,2020-05-17 03:27:56,75.24,2020-05-17 02:47:56,28,31,727,4,547,11
715,2020-12-08 23:06:40,78.39,2020-12-08 22:25:40,4,52,628,3,408,16
716,2020-09-06 12:31:29,41.52,2020-09-06 12:03:29,26,81,742,3,615,17
717,2021-01-14 00:49:36,37.89,2021-01-14 00:02:36,7,13,685,1,884,20
718,2020-12-20 13:26:41,44.31,2020-12-20 13:09:41,21,26,686,1,131,4
719,2020-08-16 08:11:25,26.32,2020-08-16 07:49:25,4,79,686,1,83,21
720,2020-05-06 10:10:36,64.5,2020-05-06 09:52:36,33,24,562,2,717,34
721,2020-06-25 10:43:57,32.66,2020-06-25 10:03:57,13,55,499,1,336,4
722,2020-05-06 12:16:26,74.17,2020-05-06 11:31:26,4,77,408,3,445,11
723,2020-10-25 16:31:53,69.01,2020-10-25 15:42:53,32,12,470,1,346,26
724,2020-04-25 01:50:35,64.96,2020-04-25 01:34:35,16,54,657,2,645,12
725,2021-02-14 03:01:45,49.63,2021-02-14 02:49:45,44,61,470,2,926,3
726,2020-09-24 14:50:36,71.39,2020-09-24 14:37:36,42,54,472,4,243,48
727,2021-02-20 13:45:36,58.53,2021-02-20 13:03:36,23,39,373,3,415,20
728,2021-01-21 03:55:58,6.35,2021-01-21 03:42:58,4,68,702,1,780,44
729,2021-03-10 15:34:21,57.97,2021-03-10 14:39:21,2,86,580,3,792,41
730,2021-03-05 23:25:24,70.55,2021-03-05 23:02:24,17,32,607,3,471,11
731,2020-07-25 18:10:56,57.01,2020-07-25 17:48:56,5,81,565,1,975,26
732,2021-03-19 23:01:32,58.22,2021-03-19 22:40:32,48,15,630,4,791,24
733,2021-04-10 18:47:54,23.55,2021-04-10 18:36:54,6,43,580,2,661,32
734,2021-01-24 02:12:30,33.61,2021-01-24 01:35:30,10,27,689,2,592,29
735,2021-03-25 21:37:00,11.18,2021-03-25 20:54:00,35,30,471,2,72,20
736,2021-02-09 05:39:58,64.74,2021-02-09 04:40:58,42,94,769,4,824,13
737,2020-08-12 00:23:38,68.47,2020-08-12 00:09:38,29,77,316,1,145,5
738,2020-10-11 10:19:48,62.98,2020-10-11 09:55:48,4,24,532,2,524,35
739,2021-03-25 18:39:41,60.76,2021-03-25 17:53:41,39,37,340,2,998,16
740,2020-12-09 13:57:10,70.59,2020-12-09 13:37:10,45,26,315,3,230,3
741,2020-09-15 21:05:57,10.22,2020-09-15 20:17:57,35,65,450,3,385,19
742,2020-05-18 02:25:23,52.26,2020-05-18 01:47:23,29,84,434,3,313,36
743,2020-09-05 10:34:57,9.38,2020-09-05 10:06:57,31,27,772,2,915,27
744,2021-01-17 14:22:33,86.13,2021-01-17 13:56:33,7,32,762,2,21,34
745,2020-11-15 18:29:46,37.84,2020-11-15 17:31:46,14,6,476,3,452,20
746,2021-03-08 20:44:38,83.83,2021-03-08 19:58:38,17,11,337,3,488,41
747,2020-06-21 22:53:32,78.75,2020-06-21 22:00:32,40,25,545,1,667,43
748,2020-10-08 17:07:01,25.19,2020-10-08 16:40:01,5,32,793,4,936,18
749,2020-12-07 04:07:01,19.6,2020-12-07 03:54:01,5,96,306,1,402,33
750,2020-06-12 19:02:45,5.6,2020-06-12 18:09:45,29,38,645,3,281,47
751,2020-04-21 01:07:17,28.51,2020-04-21 00:55:17,39,76,341,4,748,3
752,2020-12-01 16:53:35,77.9,2020-12-01 16:15:35,19,65,541,4,977,33
753,2020-12-17 05:24:22,63.9,2020-12-17 04:52:22,29,86,311,1,682,40
754,2020-09-07 13:23:46,16.04,2020-09-07 12:23:46,20,89,607,1,43,11
755,2021-02-22 23:06:54,79.19,2021-02-22 22:07:54,13,59,469,4,9,29
756,2020-10-20 14:59:57,77.82,2020-10-20 14:47:57,35,48,413,4,714,18
757,2021-01-25 11:37:36,5.07,2021-01-25 11:19:36,7,49,600,3,698,16
758,2020-06-15 07:44:48,88.43,2020-06-15 06:59:48,9,74,504,4,361,34
759,2020-10-19 11:00:41,4.57,2020-10-19 10:07:41,42,77,302,2,102,32
760,2020-06-10 04:19:11,30.99,2020-06-10 03:21:11,49,6,481,2,214,1
761,2020-10-12 11:09:31,11.44,2020-10-12 10:28:31,46,64,774,1,639,20
762,2020-08-28 23:37:00,67.54,2020-08-28 23:01:00,12,10,313,3,245,48
763,2020-08-12 14:35:11,36.22,2020-08-12 14:20:11,35,63,747,3,434,46
764,2020-11-18 05:59:35,38.56,2020-11-18 05:00:35,34,7,400,4,835,47
765,2021-01-15 00:38:16,41.11,2021-01-14 23:48:16,38,42,447,4,952,10
766,2020-09-25 08:49:29,89.02,2020-09-25 08:28:29,14,87,523,3,22,24
767,2020-08-29 04:58:03,63.0,2020-08-29 04:07:03,14,40,427,4,19,29
768,2020-10-18 13:31:36,13.91,2020-10-18 12:55:36,18,38,508,2,134,34
769,2020-12-04 06:04:53,68.36,2020-12-04 05:50:53,43,87,570,4,924,47
770,2021-02-27 12:43:49,40.44,2021-02-27 11:56:49,28,47,510,2,941,26
771,2020-12-09 00:25:10,26.83,2020-12-08 23:32:10,32,57,435,3,758,4
772,2020-06-19 08:57:20,26.66,2020-06-19 08:15:20,42,17,323,2,374,10
773,2020-08-03 16:25:26,72.86,2020-08-03 16:01:26,17,26,786,4,869,35
774,2020-11-25 20:24:43,83.77,2020-11-25 19:52:43,47,78,732,3,114,40
775,2021-03-10 10:03:22,40.95,2021-03-10 09:06:22,12,9,511,2,331,46
776,2020-12-14 05:25:10,13.01,2020-12-14 05:04:10,2,54,772,2,229,28
777,2020-04-14 23:32:29,74.89,2020-04-14 23:16:29,42,73,306,4,955,8
778,2021-02-25 07:58:37,48.24,2021-02-25 07:09:37,35,20,329,1,867,38
779,2020-07-01 02:28:23,89.71,2020-07-01 02:09:23,28,96,537,4,712,35
780,2020-09-21 22:01:59,23.8,2020-09-21 21:17:59,40,26,396,1,709,6
781,2020-12-13 21:49:17,10.45,2020-12-13 21:15:17,12,5,579,2,157,31
782,2020-10-01 00:56:55,87.11,2020-10-01 00:27:55,4,57,510,4,335,7
783,2021-03-23 09:04:15,23.1,2021-03-23 08:08:15,27,58,492,2,165,21
784,2021-03-01 04:05:03,13.1,2021-03-01 03:05:03,38,5,532,4,375,18
785,2020-10-08 15:30:09,66.25,2020-10-08 14:49:09,18,31,754,3,705,29
786,2021-01-18 12:12:03,33.54,2021-01-18 11:12:03,9,62,548,1,732,10
787,2021-03-17 06:56:42,26.84,2021-03-17 06:45:42,43,80,682,1,60,20
788,2020-05-05 02:36:33,20.34,2020-05-05 02:04:33,45,4,673,1,991,41
789,2020-10-31 03:36:02,73.96,2020-10-31 02:48:02,48,80,769,4,621,26
790,2020-12-21 21:42:01,81.46,2020-12-21 21:26:01,9,76,578,2,166,48
791,2020-11-09 13:36:00,34.75,2020-11-09 12:40:00,19,57,539,1,29,12
792,2020-05-05 12:57:03,62.18,2020-05-05 12:04:03,22,2,476,1,988,5
793,2020-06-29 08:00:09,85.41,2020-06-29 07:12:09,43,17,539,4,912,11
794,2020-06-09 10:00:35,1.11,2020-06-09 09:21:35,50,70,325,2,913,4
795,2021-03-02 06:24:53,64.88,2021-03-02 05:25:53,39,32,391,4,328,42
796,2021-03-23 15:45:23,77.93,2021-03-23 15:18:23,43,28,557,4,495,47
797,2020-10-14 11:29:11,45.62,2020-10-14 10:38:11,35,71,610,2,491,16
798,2020-07-08 13:39:14,56.62,2020-07-08 13:18:14,16,55,586,4,676,25
799,2021-02-13 18:41:59,26.24,2021-02-13 18:13:59,3,72,487,2,509,50
800,2020-11-16 18:44:31,49.58,2020-11-16 17:49:31,42,37,470,1,930,46
801,2020-11-14 18:25:54,8.56,2020-11-14 17:49:54,46,90,334,3,241,35
802,2020-05-30 18:12:44,55.55,2020-05-30 17:42:44,50,70,498,2,414,21
803,2021-01-13 10:31:52,6.94,2021-01-13 10:00:52,37,35,733,2,906,8
804,2020-09-06 20:08:21,42.97,2020-09-06 19:50:21,29,37,473,3,417,44
805,2020-06-10 12:37:06,84.93,2020-06-10 11:41:06,50,42,500,3,487,29
806,2020-09-03 20:35:23,70.39,2020-09-03 19:44:23,49,14,385,4,675,36
807,2020-10-18 21:26:51,37.58,2020-10-18 20:36:51,26,72,752,1,212,25
808,2020-04-19 13:47:20,11.76,2020-04-19 13:27:20,4,40,765,3,564,28
809,2020-05-30 22:38:36,52.72,2020-05-30 21:38:36,50,5,498,3,821,33
810,2020-08-29 23:04:29,45.91,2020-08-29 22:23:29,3,3,364,2,891,19
811,2020-04-29 20:44:23,78.61,2020-04-29 19:53:23,25,15,450,1,457,33
812,2020-12-04 16:07:29,11.41,2020-12-04 15:09:29,31,16,614,3,310,32
813,2020-11-17 07:15:52,87.49,2020-11-17 06:33:52,12,87,353,1,347,26
814,2020-06-03 11:20:49,62.26,2020-06-03 10:53:49,8,58,636,2,418,49
815,2020-05-21 19:47:14,33.46,2020-05-21 18:47:14,10,81,800,1,759,34
816,2020-10-22 11:05:11,11.36,2020-10-22 10:43:11,7,27,442,4,864,42
817,2020-08-18 23:42:23,27.84,2020-08-18 23:26:23,32,15,738,1,99,21
818,2020-04-16 19:55:28,71.71,2020-04-16 19:28:28,49,59,433,1,640,40
819,2021-02-20 04:39:47,25.3,2021-02-20 04:08:47,6,51,407,3,404,12
820,2020-11-19 15:32:23,29.12,2020-11-19 15:15:23,18,24,380,2,565,42
821,2020-07-19 21:35:09,34.25,2020-07-19 20:57:09,21,50,698,1,982,50
822,2021-03-13 21:14:51,84.1,2021-03-13 20:48:51,14,100,780,1,775,34
823,2020-06-12 23:55:13,74.76,2020-06-12 23:30:13,22,74,469,1,753,17
824,2020-10-22 12:51:50,45.78,2020-10-22 12:12:50,17,48,470,4,515,31
825,2020-10-05 16:36:04,54.99,2020-10-05 15:37:04,21,8,524,2,305,27
826,2020-08-15 09:50:21,56.0,2020-08-15 08:55:21,10,18,453,3,395,1
827,2020-09-23 07:17:30,8.14,2020-09-23 06:20:30,50,65,379,4,843,29
828,2020-05-03 06:19:54,1.9,2020-05-03 05:52:54,8,95,729,4,618,14
829,2020-12-28 13:16:13,80.74,2020-12-28 13:03:13,45,92,394,2,518,15
830,2020-05-29 12:50:54,40.48,2020-05-29 12:16:54,49,68,411,1,266,12
831,2020-07-15 08:20:20,56.6,2020-07-15 07:29:20,17,22,697,3,995,18
832,2020-05-05 16:12:51,79.77,2020-05-05 15:44:51,8,88,413,2,45,15
833,2020-11-28 00:11:24,59.86,2020-11-27 23:28:24,47,67,596,1,372,1
834,2020-05-20 12:55:01,51.41,2020-05-20 12:03:01,8,83,381,1,603,14
835,2020-06-10 13:53:31,27.31,2020-06-10 13:29:31,4,32,503,1,317,12
836,2021-02-25 04:56:35,67.13,2021-02-25 04:04:35,21,77,550,4,163,40
837,2021-03-25 03:53:36,21.87,2021-03-25 03:13:36,40,50,434,1,931,36
838,2020-11-17 13:01:42,14.11,2020-11-17 12:44:42,44,23,601,2,17,25
839,2021-03-14 19:48:43,64.28,2021-03-14 19:20:43,48,5,766,2,95,9
840,2020-10-11 02:45:12,29.97,2020-10-11 02:02:12,46,58,363,2,762,12
841,2020-08-01 22:20:09,67.63,2020-08-01 21:50:09,19,93,335,4,427,42
842,2020-10-25 22:29:13,60.32,2020-10-25 21:56:13,13,29,653,1,957,7
843,2020-10-02 08:24:57,57.24,2020-10-02 08:03:57,22,24,371,1,800,47
844,2020-12-25 11:06:33,43.56,2020-12-25 10:42:33,7,62,462,1,218,5
845,2020-10-12 16:19:10,40.72,2020-10-12 15:30:10,16,87,579,3,312,46
846,2020-09-17 03:48:33,77.29,2020-09-17 02:49:33,32,99,695,1,300,19
847,2020-05-05 15:06:48,11.48,2020-05-05 14:24:48,10,72,649,4,742,5
848,2021-03-07 10:41:37,31.8,2021-03-07 10:04:37,38,72,382,2,685,45
849,2021-03-31 23:47:16,13.58,2021-03-31 23:02:16,4,46,325,3,221,30
850,2020-07-19 20:10:59,75.8,2020-07-19 19:55:59,11,88,505,2,960,33
851,2020-11-16 23:27:06,26.34,2020-11-16 22:39:06,35,58,729,2,468,34
852,2020-12-23 17:33:11,88.37,2020-12-23 16:47:11,27,33,757,2,419,16
853,2020-11-04 19:51:53,81.91,2020-11-04 18:54:53,16,74,688,2,284,2
854,2020-08-02 08:25:02,67.13,2020-08-02 07:59:02,46,87,636,3,784,21
855,2020-08-18 01:49:40,21.43,2020-08-18 00:58:40,19,75,515,4,57,32
856,2021-01-07 00:43:20,7.66,2021-01-06 23:48:20,2,61,702,2,152,21
857,2020-05-13 16:49:43,5.19,2020-05-13 16:19:43,4,87,759,3,197,27
858,2021-01-02 13:13:12,39.8,2021-01-02 12:27:12,37,66,735,3,691,33
859,2020-12-17 08:28:11,18.31,2020-12-17 07:48:11,32,64,756,2,16,33
860,2020-04-19 17:23:49,49.67,2020-04-19 16:45:49,32,2,374,4,563,27
861,2020-11-04 06:42:29,74.96,2020-11-04 06:05:29,16,26,659,4,486,19
862,2020-11-05 08:52:16,37.07,2020-11-05 08:33:16,2,67,786,3,135,15
863,2021-02-10 11:57:06,63.67,2021-02-10 11:11:06,33,57,687,1,958,28
864,2020-05-07 00:06:24,10.85,2020-05-06 23:23:24,49,61,672,2,44,18
865,2020-06-29 15:50:10,28.91,2020-06-29 15:34:10,13,37,633,4,656,24
866,2020-04-18 14:16:42,87.7,2020-04-18 14:02:42,33,33,417,2,647,28
867,2020-12-31 14:45:25,6.88,2020-12-31 13:55:25,44,84,622,1,464,17
868,2020-11-28 11:06:28,33.5,2020-11-28 10:11:28,3,76,666,3,918,30
869,2020-08-23 00:30:38,11.13,2020-08-23 00:03:38,24,32,650,2,774,1
870,2020-04-18 10:35:11,71.55,2020-04-18 10:20:11,37,4,642,4,744,33
871,2021-03-22 14:46:01,16.31,2021-03-22 14:07:01,30,69,784,1,505,40
872,2020-09-01 06:23:04,65.95,2020-09-01 05:57:04,40,68,502,3,4,36
873,2020-06-08 08:33:18,41.94,2020-06-08 07:51:18,21,9,398,4,899,49
874,2020-07-31 00:41:30,5.67,2020-07-30 23:55:30,5,29,664,2,258,6
875,2020-10-12 00:16:23,47.44,2020-10-11 23:51:23,7,40,792,4,932,48
876,2020-05-17 21:28:08,68.91,2020-05-17 20:58:08,12,18,509,2,885,35
877,2021-02-07 01:42:42,15.73,2021-02-07 01:02:42,16,73,325,2,377,45
878,2020-05-11 15:38:33,84.47,2020-05-11 15:12:33,13,58,579,4,15,34
879,2020-08-30 22:06:45,22.16,2020-08-30 21:36:45,20,7,579,4,447,11
880,2020-06-27 16:27:09,58.28,2020-06-27 15:29:09,27,27,537,4,611,18
881,2020-09-12 08:23:42,40.64,2020-09-12 07:56:42,30,54,387,4,65,5
882,2020-10-12 01:31:37,23.9,2020-10-12 00:45:37,44,16,551,3,327,12
883,2020-10-05 09:36:28,3.6,2020-10-05 08:38:28,24,61,413,4,252,23
884,2020-12-27 00:00:05,48.49,2020-12-26 23:04:05,22,63,360,3,151,48
885,2021-02-22 09:07:38,18.83,2021-02-22 08:31:38,26,81,369,1,309,39
886,2020-09-09 19:38:25,38.42,2020-09-09 19:17:25,29,11,595,1,908,5
887,2020-05-20 23:04:54,81.87,2020-05-20 22:06:54,48,18,328,4,376,20
888,2021-02-28 09:14:26,4.53,2021-02-28 08:38:26,50,90,476,2,431,31
889,2021-03-22 22:58:04,48.82,2021-03-22 22:44:04,13,36,349,3,567,30
890,2020-10-13 07:33:00,14.39,2020-10-13 07:03:00,28,8,424,1,24,28
891,2020-07-10 06:11:35,73.69,2020-07-10 05:15:35,43,10,437,2,719,7
892,2020-05-14 07:24:36,80.81,2020-05-14 06:56:36,19,7,573,4,169,4
893,2021-01-12 07:48:22,28.15,2021-01-12 07:29:22,32,28,581,1,721,11
894,2021-03-19 15:54:08,43.02,2021-03-19 15:01:08,48,35,659,1,108,14
895,2020-12-11 20:37:42,61.61,2020-12-11 19:53:42,38,83,430,2,766,7
896,2020-12-02 21:34:56,39.32,2020-12-02 20:36:56,4,7,371,1,85,48
897,2020-04-18 09:16:54,78.83,2020-04-18 08:35:54,12,19,318,2,205,9
898,2020-07-12 11:33:16,7.77,2020-07-12 11:02:16,35,75,626,2,369,8
899,2020-06-16 22:03:52,41.93,2020-06-16 21:37:52,37,32,771,2,755,21
900,2020-12-12 15:49:39,15.23,2020-12-12 14:55:39,2,55,357,1,983,28
901,2020-11-24 00:54:22,1.81,2020-11-24 00:30:22,11,4,642,3,164,26
902,2020-05-30 16:13:28,18.08,2020-05-30 15:58:28,2,87,365,1,597,17
903,2020-10-30 23:45:17,3.19,2020-10-30 23:05:17,31,40,529,1,383,14
904,2020-09-23 08:42:20,78.94,2020-09-23 08:03:20,11,66,535,3,302,7
905,2021-01-11 18:54:38,86.94,2021-01-11 17:54:38,33,94,771,4,646,8
906,2021-03-15 14:56:42,6.98,2021-03-15 14:17:42,11,54,331,4,778,25
907,2020-04-16 11:05:39,7.79,2020-04-16 10:55:39,20,48,480,1,201,18
908,2020-10-06 03:31:21,83.97,2020-10-06 02:51:21,17,44,727,4,763,34
909,2021-01-29 07:17:19,8.21,2021-01-29 06:27:19,39,27,380,1,31,14
910,2020-06-08 19:23:40,85.21,2020-06-08 18:45:40,42,98,356,4,638,12
911,2021-01-05 13:38:36,77.01,2021-01-05 12:39:36,4,56,603,2,393,20
912,2020-10-20 23:55:48,18.93,2020-10-20 23:09:48,20,95,792,1,837,22
913,2020-11-05 06:57:06,3.97,2020-11-05 06:19:06,9,99,459,4,801,1
914,2020-08-04 04:47:23,30.87,2020-08-04 04:11:23,25,58,550,2,670,6
915,2020-05-31 16:03:21,74.44,2020-05-31 15:22:21,12,16,380,1,460,32
916,2020-08-03 19:59:14,60.9,2020-08-03 19:21:14,12,28,536,2,765,15
917,2020-05-27 20:10:09,3.52,2020-05-27 19:40:09,39,65,331,2,1000,7
918,2021-03-17 16:39:50,30.72,2021-03-17 15:57:50,22,81,734,3,990,26
919,2021-01-19 03:55:45,72.27,2021-01-19 03:31:45,24,54,453,1,492,34
920,2020-09-02 02:38:47,15.28,2020-09-02 01:54:47,22,24,753,2,859,30
921,2020-12-24 13:15:13,83.59,2020-12-24 12:21:13,6,17,567,3,927,26
922,2020-10-10 13:31:51,70.82,2020-10-10 12:58:51,20,23,800,4,919,24
923,2021-03-09 22:55:53,85.37,2021-03-09 22:03:53,24,75,485,4,914,34
924,2020-10-15 17:38:35,48.52,2020-10-15 16:53:35,44,37,592,2,71,22
925,2020-05-31 06:43:02,48.6,2020-05-31 06:07:02,1,46,540,4,489,31
926,2020-06-01 08:24:13,66.4,2020-06-01 08:08:13,25,2,301,4,27,11
927,2021-02-02 05:31:53,73.34,2021-02-02 04:48:53,47,8,442,2,922,22
928,2020-10-11 10:08:51,70.32,2020-10-11 09:55:51,39,3,632,2,208,29
929,2020-12-31 22:52:17,2.31,2020-12-31 22:01:17,23,68,592,2,249,35
930,2020-12-26 23:01:55,49.56,2020-12-26 22:38:55,45,62,692,1,848,23
931,2020-08-26 14:59:03,14.53,2020-08-26 14:14:03,25,14,533,2,226,21
932,2020-07-20 12:35:53,66.22,2020-07-20 12:23:53,19,75,486,4,209,36
933,2020-07-21 00:37:03,63.06,2020-07-21 00:08:03,32,70,633,1,263,49
934,2021-03-05 14:28:59,23.32,2021-03-05 13:32:59,49,66,736,4,868,1
935,2020-08-09 02:17:37,77.48,2020-08-09 01:34:37,49,33,778,4,654,45
936,2021-03-05 20:17:37,24.7,2021-03-05 19:40:37,11,71,741,4,344,48
937,2020-10-24 22:20:09,24.31,2020-10-24 21:42:09,11,67,624,4,576,44
938,2020-08-10 20:16:45,30.83,2020-08-10 19:36:45,4,91,509,1,87,44
939,2020-09-04 14:46:32,41.59,2020-09-04 14:33:32,41,73,664,4,644,20
940,2020-10-08 00:46:10,43.87,2020-10-08 00:16:10,18,71,538,3,199,20
941,2020-08-23 11:04:04,57.24,2020-08-23 10:39:04,19,65,780,3,572,7
942,2020-12-14 06:04:08,26.9,2020-12-14 05:36:08,46,60,438,1,651,36
943,2020-05-14 22:57:35,60.3,2020-05-14 22:35:35,9,66,349,4,13,21
944,2020-08-30 03:18:50,1.34,2020-08-30 02:34:50,5,86,467,1,430,22
945,2020-09-20 10:59:39,51.78,2020-09-20 10:49:39,1,94,492,4,324,12
946,2020-10-08 14:12:16,71.71,2020-10-08 14:01:16,1,23,669,4,529,45
947,2020-08-01 03:04:05,35.44,2020-08-01 02:30:05,21,90,637,1,251,12
948,2020-07-17 09:40:55,12.23,2020-07-17 09:16:55,49,91,365,3,314,37
949,2020-07-22 02:51:15,16.61,2020-07-22 01:54:15,31,32,800,4,683,17
950,2020-10-20 14:21:24,50.79,2020-10-20 14:03:24,30,7,655,2,818,34
951,2020-08-15 19:53:43,64.02,2020-08-15 19:35:43,12,83,533,3,267,27
952,2020-11-20 05:30:49,69.14,2020-11-20 04:53:49,17,96,537,3,133,45
953,2020-05-29 20:41:43,19.03,2020-05-29 19:56:43,2,44,641,3,109,12
954,2021-02-05 07:36:04,52.45,2021-02-05 07:20:04,16,62,744,2,892,37
955,2020-10-24 17:38:25,81.95,2020-10-24 16:43:25,5,76,719,2,811,43
956,2021-02-28 13:36:14,11.28,2021-02-28 13:06:14,42,33,674,4,833,11
957,2020-09-02 09:59:48,45.8,2020-09-02 09:34:48,23,100,367,3,303,29
958,2020-04-22 11:00:40,56.1,2020-04-22 10:42:40,9,45,778,1,635,27
959,2020-06-22 09:33:17,47.43,2020-06-22 09:22:17,10,100,717,3,662,48
960,2020-08-23 17:12:03,48.86,2020-08-23 16:23:03,22,86,518,1,262,17
961,2020-12-22 01:44:31,65.4,2020-12-22 01:10:31,16,44,388,4,979,41
962,2020-11-28 21:51:25,73.78,2020-11-28 20:51:25,6,53,332,4,490,34
963,2020-06-13 00:35:44,42.72,2020-06-13 00:17:44,20,54,689,1,77,23
964,2020-10-25 15:23:36,31.28,2020-10-25 14:37:36,46,44,523,1,352,4
965,2020-12-09 22:11:17,28.59,2020-12-09 21:28:17,16,5,718,2,602,36
966,2020-06-09 15:22:12,40.36,2020-06-09 14:22:12,10,8,659,3,556,10
967,2021-02-06 11:48:08,2.45,2021-02-06 10:48:08,44,38,767,3,807,21
968,2020-10-18 20:35:35,81.01,2020-10-18 19:39:35,5,31,732,4,503,12
969,2021-02-21 19:57:59,43.55,2021-02-21 19:39:59,18,94,652,1,306,8
970,2020-06-01 16:04:14,53.22,2020-06-01 15:07:14,35,41,569,4,139,1
971,2020-10-19 22:14:29,1.46,2020-10-19 21:57:29,3,32,419,4,217,45
972,2020-08-12 03:15:39,85.03,2020-08-12 02:53:39,19,65,387,4,882,16
973,2021-03-09 08:31:07,78.77,2021-03-09 08:08:07,10,96,460,2,337,33
974,2020-06-11 11:48:20,30.22,2020-06-11 10:48:20,47,30,381,2,981,40
975,2020-10-16 07:43:11,85.3,2020-10-16 07:12:11,40,49,739,3,436,3
976,2020-04-26 08:01:16,84.78,2020-04-26 07:26:16,7,56,518,1,500,17
977,2020-12-30 11:10:36,62.78,2020-12-30 10:35:36,37,77,505,2,191,46
978,2020-10-16 23:31:53,59.7,2020-10-16 22:55:53,17,26,330,1,379,33
979,2020-08-12 14:08:59,23.6,2020-08-12 13:25:59,17,33,691,3,88,14
980,2020-10-04 21:00:40,60.93,2020-10-04 20:04:40,6,17,312,4,318,27
981,2020-06-19 03:31:42,24.71,2020-06-19 02:43:42,5,1,330,1,823,44
982,2021-01-09 15:27:55,48.32,2021-01-09 14:59:55,34,82,678,4,813,24
983,2021-01-29 02:08:08,9.95,2021-01-29 01:15:08,34,49,615,4,805,44
984,2020-12-20 16:43:46,69.84,2020-12-20 15:47:46,31,19,794,1,474,24
985,2021-04-09 16:09:24,72.05,2021-04-09 15:37:24,35,62,460,3,202,43
986,2020-09-09 02:48:32,3.65,2020-09-09 02:05:32,33,60,508,3,769,23
987,2020-08-19 12:33:13,32.11,2020-08-19 12:20:13,19,52,510,3,559,9
988,2020-07-04 09:56:32,9.44,2020-07-04 09:04:32,18,32,530,3,36,46
989,2020-09-05 17:00:48,21.52,2020-09-05 16:49:48,50,82,460,3,861,42
990,2020-12-23 11:43:00,41.92,2020-12-23 11:24:00,4,22,518,4,53,49
991,2021-04-09 05:07:48,41.61,2021-04-09 04:49:48,4,21,491,4,648,12
992,2020-11-02 15:58:13,71.02,2020-11-02 15:33:13,5,18,428,3,987,22
993,2021-01-12 20:19:16,56.93,2021-01-12 19:24:16,44,58,319,3,506,37
994,2020-09-13 22:09:12,17.6,2020-09-13 21:40:12,7,90,720,2,966,4
995,2020-12-05 01:32:50,74.42,2020-12-05 00:36:50,8,87,606,2,680,29
996,2020-06-28 22:33:59,77.36,2020-06-28 22:05:59,34,50,572,2,320,2
997,2021-01-12 02:00:38,5.6,2021-01-12 01:08:38,3,28,581,1,740,17
998,2020-09-30 11:32:29,26.17,2020-09-30 11:11:29,32,25,679,3,6,43
999,2020-12-30 10:27:34,55.97,2020-12-30 09:28:34,45,7,522,3,26,41
1000,2020-05-10 04:28:15,68.16,2020-05-10 04:11:15,29,95,607,2,298,8
