schedule_id,date_created,end_time,full_date,other_details,start_time,person_id,week_number
1,14/05/2021,16:41,2021-07-19 04:35:48,Persistent,17:37,7,0
2,14/05/2021,21:00,2021-07-02 18:07:21,Open-source,16:09,6,0
3,14/05/2021,21:03,2021-07-18 08:59:35,extranet,10:14,8,0
4,14/05/2021,22:40,2021-07-11 21:33:08,concept,11:53,10,0
5,14/05/2021,7:55,2021-06-10 18:10:52,Adaptive,10:02,7,0
6,14/05/2021,9:46,2021-06-26 17:27:33,disintermediate,10:12,8,0
7,14/05/2021,0:04,2021-07-13 11:49:14,Enhanced,12:16,8,0
8,14/05/2021,15:50,2021-07-03 11:58:48,Innovative,14:36,6,0
9,14/05/2021,18:27,2021-05-24 15:30:20,Robust,12:16,9,0
10,14/05/2021,6:07,2021-07-25 06:23:14,workforce,17:19,7,0
11,14/05/2021,6:20,2021-07-17 12:44:45,monitoring,16:26,7,0
12,14/05/2021,5:24,2021-06-03 11:07:36,extranet,15:36,7,0
13,14/05/2021,9:43,2021-07-29 20:52:34,portal,15:51,6,0
14,14/05/2021,18:14,2021-06-02 03:49:56,Multi-lateral,11:05,7,0
15,14/05/2021,21:28,2021-07-30 07:05:51,Cross-platform,16:47,10,0
16,14/05/2021,23:02,2021-07-17 05:03:59,hierarchy,11:53,6,0
17,14/05/2021,3:23,2021-06-06 01:41:56,local area network,12:31,8,0
18,14/05/2021,10:55,2021-07-23 05:36:15,content-based,13:00,9,0
19,14/05/2021,8:05,2021-06-10 00:17:15,focus group,15:01,7,0
20,14/05/2021,0:58,2021-07-06 02:44:21,Focused,15:31,10,0
21,14/05/2021,15:41,2021-05-26 16:25:05,Up-sized,14:18,9,0
22,14/05/2021,12:39,2021-07-30 15:23:25,hardware,17:25,10,0
23,14/05/2021,8:06,2021-07-17 17:07:54,throughput,10:28,9,0
24,14/05/2021,7:49,2021-07-27 08:29:19,Realigned,14:24,10,0
25,14/05/2021,22:31,2021-07-01 03:02:30,logistical,16:45,8,0
26,14/05/2021,12:24,2021-07-24 07:37:56,neural-net,14:38,8,0
27,14/05/2021,3:36,2021-07-27 20:32:04,web-enabled,12:25,9,0
28,14/05/2021,18:11,2021-06-27 00:19:58,focus group,15:40,7,0
29,14/05/2021,16:07,2021-05-19 04:12:51,interactive,12:04,6,0
30,14/05/2021,21:41,2021-07-25 07:45:08,Multi-tiered,11:10,8,0
31,14/05/2021,4:22,2021-05-25 14:19:34,neural-net,10:51,10,0
32,14/05/2021,7:22,2021-07-05 02:49:57,needs-based,10:41,9,0
33,14/05/2021,10:26,2021-07-13 19:39:34,Centralized,10:27,10,0
34,14/05/2021,7:45,2021-06-17 11:31:32,Cross-platform,11:43,6,0
35,14/05/2021,15:45,2021-07-26 00:38:58,logistical,10:34,9,0
36,14/05/2021,9:00,2021-05-27 07:45:46,Assimilated,11:38,9,0
37,14/05/2021,19:02,2021-05-23 08:26:50,artificial intelligence,17:42,6,0
38,14/05/2021,10:10,2021-07-04 04:05:04,superstructure,10:36,9,0
39,14/05/2021,16:44,2021-05-28 12:47:37,local,12:56,7,0
40,14/05/2021,14:47,2021-07-06 11:05:57,optimizing,10:47,7,0
41,14/05/2021,11:58,2021-07-04 20:57:24,Multi-lateral,12:08,9,0
42,14/05/2021,16:57,2021-06-12 13:02:34,3rd generation,17:24,6,0
43,14/05/2021,6:20,2021-05-19 04:04:38,Implemented,13:42,9,0
44,14/05/2021,8:33,2021-06-18 09:25:32,Future-proofed,13:40,9,0
45,14/05/2021,19:59,2021-06-19 23:05:15,Grass-roots,11:57,6,0
46,14/05/2021,21:53,2021-06-22 12:21:11,transitional,16:33,9,0
47,14/05/2021,7:27,2021-06-06 00:17:41,structure,14:41,9,0
48,14/05/2021,16:13,2021-07-26 16:00:30,methodical,10:58,8,0
49,14/05/2021,14:48,2021-07-10 12:30:17,Profit-focused,15:50,8,0
50,14/05/2021,22:15,2021-07-17 19:37:34,Progressive,15:19,7,0
51,14/05/2021,9:09,2021-07-07 19:50:05,transitional,13:04,6,0
52,14/05/2021,0:52,2021-05-27 12:52:58,coherent,14:49,9,0
53,14/05/2021,19:46,2021-05-14 01:21:41,access,17:24,7,0
54,14/05/2021,20:47,2021-07-25 05:53:47,database,11:16,9,0
55,14/05/2021,6:28,2021-06-08 10:26:13,strategy,17:08,10,0
56,14/05/2021,6:39,2021-05-20 23:42:55,web-enabled,13:28,7,0
57,14/05/2021,14:28,2021-07-22 05:23:23,Grass-roots,10:10,6,0
58,14/05/2021,14:19,2021-06-12 12:40:37,local area network,15:54,9,0
59,14/05/2021,20:48,2021-06-22 08:06:44,Multi-channelled,14:12,8,0
60,14/05/2021,8:06,2021-05-25 15:30:37,empowering,15:13,10,0
61,14/05/2021,7:49,2021-05-29 06:12:05,radical,12:34,6,0
62,14/05/2021,18:19,2021-06-20 23:34:41,Virtual,15:52,9,0
63,14/05/2021,1:33,2021-07-06 07:44:52,encryption,16:25,10,0
64,14/05/2021,2:24,2021-05-31 15:15:35,Cross-platform,12:08,9,0
65,14/05/2021,16:20,2021-07-26 19:44:24,protocol,14:10,7,0
66,14/05/2021,8:41,2021-07-27 23:47:12,Balanced,12:02,7,0
67,14/05/2021,23:25,2021-06-19 06:13:44,Secured,14:51,6,0
68,14/05/2021,6:13,2021-06-27 21:28:34,Enterprise-wide,11:06,9,0
69,14/05/2021,23:00,2021-05-20 06:30:21,focus group,17:50,8,0
70,14/05/2021,2:25,2021-05-17 20:00:50,mission-critical,10:13,7,0
71,14/05/2021,10:35,2021-06-16 19:40:14,dynamic,17:34,6,0
72,14/05/2021,16:40,2021-06-10 02:18:38,tangible,12:15,9,0
73,14/05/2021,19:21,2021-06-21 15:26:09,parallelism,10:51,6,0
74,14/05/2021,19:28,2021-06-04 22:13:47,matrices,16:07,6,0
75,14/05/2021,2:26,2021-07-02 14:20:39,Advanced,14:37,6,0
76,14/05/2021,9:23,2021-07-27 15:51:29,extranet,16:56,9,0
77,14/05/2021,14:46,2021-06-05 21:17:48,internet solution,10:29,8,0
78,14/05/2021,12:30,2021-07-30 08:19:12,Persevering,13:14,8,0
79,14/05/2021,16:02,2021-06-11 06:04:19,Front-line,16:23,8,0
80,14/05/2021,9:23,2021-07-07 20:50:11,24/7,11:20,9,0
81,14/05/2021,18:50,2021-06-23 12:49:23,utilisation,14:06,9,0
82,14/05/2021,2:22,2021-06-08 00:05:54,Switchable,15:08,9,0
83,14/05/2021,5:42,2021-06-06 04:12:36,ability,12:04,9,0
84,14/05/2021,5:43,2021-07-23 12:03:38,hybrid,14:18,9,0
85,14/05/2021,4:56,2021-06-30 06:03:59,adapter,16:54,10,0
86,14/05/2021,3:55,2021-05-23 21:54:46,array,15:48,10,0
87,14/05/2021,12:06,2021-05-19 08:18:40,capacity,11:44,9,0
88,14/05/2021,9:34,2021-07-05 15:58:17,hardware,17:14,7,0
89,14/05/2021,21:03,2021-07-29 12:59:19,User-centric,17:09,10,0
90,14/05/2021,7:23,2021-05-28 20:25:56,Self-enabling,17:07,6,0
91,14/05/2021,10:21,2021-07-11 02:12:16,hub,16:28,10,0
92,14/05/2021,13:38,2021-06-09 21:24:26,Phased,11:33,6,0
93,14/05/2021,19:14,2021-05-16 06:20:26,installation,16:36,7,0
94,14/05/2021,17:10,2021-06-15 21:29:41,Face to face,15:36,6,0
95,14/05/2021,23:21,2021-07-25 11:17:26,encryption,14:02,6,0
96,14/05/2021,12:19,2021-05-23 06:39:29,Balanced,13:32,7,0
97,14/05/2021,5:32,2021-05-19 02:56:31,Customer-focused,10:49,10,0
98,14/05/2021,5:30,2021-06-22 08:05:53,encryption,14:03,6,0
99,14/05/2021,16:45,2021-07-24 12:30:01,logistical,13:57,9,0
100,14/05/2021,22:47,2021-06-19 05:23:13,Integrated,12:45,6,0
101,14/05/2021,8:27,2021-05-15 19:08:41,interface,15:42,8,0
102,14/05/2021,17:41,2021-06-11 17:07:49,attitude-oriented,11:05,6,0
103,14/05/2021,1:44,2021-06-30 11:04:57,help-desk,17:34,10,0
104,14/05/2021,5:43,2021-07-07 18:07:07,process improvement,14:31,7,0
105,14/05/2021,14:04,2021-05-19 18:00:01,24 hour,13:01,7,0
106,14/05/2021,18:02,2021-06-04 21:07:01,Future-proofed,15:56,9,0
107,14/05/2021,22:49,2021-06-05 09:09:30,knowledge user,15:26,10,0
108,14/05/2021,8:35,2021-06-17 21:27:26,Enhanced,17:08,9,0
109,14/05/2021,14:42,2021-06-07 06:44:21,application,13:21,10,0
110,14/05/2021,0:44,2021-07-01 09:49:19,migration,17:54,7,0
111,14/05/2021,15:51,2021-07-04 01:08:08,installation,11:48,6,0
112,14/05/2021,5:30,2021-05-18 11:10:12,Self-enabling,15:35,6,0
113,14/05/2021,13:55,2021-06-22 10:47:37,firmware,11:20,8,0
114,14/05/2021,0:33,2021-06-27 19:22:41,Sharable,15:13,8,0
115,14/05/2021,11:15,2021-06-21 08:11:39,open system,10:48,10,0
116,14/05/2021,9:05,2021-06-26 11:58:56,Triple-buffered,17:38,9,0
117,14/05/2021,7:46,2021-07-18 10:35:43,alliance,14:32,7,0
118,14/05/2021,9:14,2021-05-26 22:42:55,homogeneous,10:03,6,0
119,14/05/2021,4:30,2021-07-06 23:13:33,Cross-platform,13:19,6,0
120,14/05/2021,15:04,2021-05-30 07:19:06,orchestration,15:02,9,0
121,14/05/2021,1:15,2021-05-29 18:52:26,Persevering,12:25,9,0
122,14/05/2021,13:39,2021-07-13 10:25:46,standardization,15:26,6,0
123,14/05/2021,17:03,2021-07-21 01:26:48,grid-enabled,10:17,7,0
124,14/05/2021,23:47,2021-05-30 18:01:25,dynamic,12:07,9,0
125,14/05/2021,5:28,2021-06-15 15:46:35,hybrid,17:26,10,0
126,14/05/2021,18:36,2021-07-21 13:17:49,Intuitive,13:54,8,0
127,14/05/2021,3:58,2021-06-27 21:57:42,software,14:58,8,0
128,14/05/2021,7:44,2021-06-11 13:21:05,multi-tasking,10:08,6,0
129,14/05/2021,15:17,2021-06-27 07:11:48,composite,17:19,8,0
130,14/05/2021,17:17,2021-06-27 11:11:39,internet solution,14:54,10,0
131,14/05/2021,4:57,2021-06-29 18:20:04,actuating,11:47,6,0
132,14/05/2021,1:16,2021-06-16 22:20:45,firmware,17:53,7,0
133,14/05/2021,1:06,2021-05-17 08:36:29,User-friendly,13:08,7,0
134,14/05/2021,16:50,2021-06-19 15:51:22,scalable,10:14,9,0
135,14/05/2021,13:22,2021-05-17 06:50:28,analyzer,12:43,8,0
136,14/05/2021,11:47,2021-05-19 18:41:06,paradigm,16:40,6,0
137,14/05/2021,7:56,2021-06-11 16:01:44,Monitored,16:20,9,0
138,14/05/2021,6:44,2021-07-09 11:28:30,hub,14:18,7,0
139,14/05/2021,6:52,2021-07-04 14:09:13,actuating,17:59,9,0
140,14/05/2021,2:15,2021-05-16 21:35:36,De-engineered,11:23,10,0
141,14/05/2021,18:17,2021-07-12 13:42:07,Profound,15:53,7,0
142,14/05/2021,22:34,2021-07-25 06:12:19,composite,12:52,9,0
143,14/05/2021,16:42,2021-06-30 01:42:35,contextually-based,17:06,7,0
144,14/05/2021,8:34,2021-06-14 13:54:33,tangible,13:45,8,0
145,14/05/2021,17:34,2021-07-30 08:14:28,knowledge user,12:27,9,0
146,14/05/2021,4:35,2021-05-26 09:15:30,Open-source,11:02,8,0
147,14/05/2021,4:40,2021-05-29 10:58:47,Visionary,13:55,7,0
148,14/05/2021,23:21,2021-05-17 09:14:53,composite,12:15,10,0
149,14/05/2021,19:45,2021-06-28 05:40:11,dynamic,14:36,10,0
150,14/05/2021,2:19,2021-06-08 12:55:19,forecast,14:32,10,0
151,14/05/2021,19:40,2021-06-15 07:44:12,motivating,15:49,9,0
152,14/05/2021,19:04,2021-05-17 01:24:10,national,17:41,6,0
153,14/05/2021,2:15,2021-07-12 15:52:30,well-modulated,13:43,7,0
154,14/05/2021,0:03,2021-06-13 13:07:51,Front-line,15:23,8,0
155,14/05/2021,6:00,2021-06-17 10:29:14,capability,10:25,6,0
156,14/05/2021,12:21,2021-06-17 10:58:24,orchestration,15:55,6,0
157,14/05/2021,20:56,2021-06-20 16:42:47,Vision-oriented,17:16,9,0
158,14/05/2021,2:25,2021-07-14 09:28:58,solution-oriented,13:23,9,0
159,14/05/2021,1:33,2021-06-16 08:58:39,optimal,12:02,8,0
160,14/05/2021,10:09,2021-06-10 19:22:29,project,15:22,7,0
161,14/05/2021,2:27,2021-05-17 12:27:42,time-frame,13:11,9,0
162,14/05/2021,7:58,2021-06-01 05:27:18,moratorium,15:53,9,0
163,14/05/2021,5:27,2021-07-28 19:25:55,explicit,11:36,8,0
164,14/05/2021,23:03,2021-05-31 23:50:16,Total,16:00,6,0
165,14/05/2021,19:01,2021-07-14 22:37:36,superstructure,10:45,9,0
166,14/05/2021,10:18,2021-06-21 23:48:54,complexity,12:32,6,0
167,14/05/2021,14:27,2021-07-14 02:43:27,Versatile,17:26,9,0
168,14/05/2021,14:42,2021-07-22 15:08:21,leverage,15:25,6,0
169,14/05/2021,0:35,2021-07-05 18:26:56,didactic,11:21,9,0
170,14/05/2021,8:09,2021-06-14 20:20:42,attitude-oriented,13:09,10,0
171,14/05/2021,20:19,2021-06-26 16:13:21,Business-focused,10:15,10,0
172,14/05/2021,11:52,2021-07-04 02:20:17,6th generation,10:47,6,0
173,14/05/2021,8:02,2021-06-17 12:37:11,attitude,10:21,7,0
174,14/05/2021,12:08,2021-06-08 03:40:10,Organized,11:30,8,0
175,14/05/2021,7:11,2021-07-02 16:26:31,Decentralized,15:08,7,0
176,14/05/2021,18:17,2021-07-13 16:34:26,hub,12:02,7,0
177,14/05/2021,2:18,2021-07-12 10:19:59,Progressive,16:29,6,0
178,14/05/2021,10:54,2021-07-01 08:52:31,Total,12:47,9,0
179,14/05/2021,18:52,2021-05-22 13:31:44,utilisation,16:26,8,0
180,14/05/2021,4:41,2021-05-14 23:44:42,exuding,14:18,7,0
181,14/05/2021,17:57,2021-05-23 03:18:34,Secured,15:31,7,0
182,14/05/2021,0:57,2021-07-24 02:05:39,strategy,11:08,8,0
183,14/05/2021,1:28,2021-07-10 15:39:02,Optional,10:11,6,0
184,14/05/2021,13:19,2021-05-16 23:01:04,methodical,12:28,6,0
185,14/05/2021,11:02,2021-05-27 10:30:15,orchestration,17:54,6,0
186,14/05/2021,6:49,2021-07-15 07:33:17,flexibility,17:00,9,0
187,14/05/2021,4:43,2021-06-13 14:18:41,project,14:32,7,0
188,14/05/2021,10:05,2021-07-22 22:40:17,user-facing,16:00,8,0
189,14/05/2021,5:31,2021-07-04 04:36:58,instruction set,11:59,7,0
190,14/05/2021,21:18,2021-07-01 22:47:33,radical,16:47,9,0
191,14/05/2021,21:26,2021-07-04 06:40:45,moratorium,16:04,6,0
192,14/05/2021,9:11,2021-07-06 12:22:02,bottom-line,14:37,7,0
193,14/05/2021,2:41,2021-05-27 18:05:18,Synergistic,16:37,6,0
194,14/05/2021,23:53,2021-05-14 05:41:26,initiative,10:10,8,0
195,14/05/2021,0:47,2021-07-01 22:19:37,Cross-group,12:59,6,0
196,14/05/2021,10:37,2021-07-17 19:15:04,leading edge,14:57,9,0
197,14/05/2021,7:12,2021-07-01 06:44:59,success,11:29,9,0
198,14/05/2021,1:01,2021-07-20 11:10:41,Multi-lateral,11:32,10,0
199,14/05/2021,15:08,2021-07-12 06:04:13,Operative,14:26,7,0
200,14/05/2021,8:27,2021-07-04 01:36:37,4th generation,17:48,7,0
201,14/05/2021,2:54,2021-06-26 09:31:57,needs-based,14:18,6,0
202,14/05/2021,6:02,2021-06-15 04:33:41,real-time,10:42,7,0
203,14/05/2021,8:11,2021-05-20 06:06:41,attitude,11:25,9,0
204,14/05/2021,6:35,2021-06-03 21:00:41,framework,14:33,8,0
205,14/05/2021,0:31,2021-06-28 16:41:20,regional,16:01,7,0
206,14/05/2021,14:46,2021-06-11 15:12:50,systematic,11:16,7,0
207,14/05/2021,19:36,2021-06-23 21:34:51,even-keeled,11:26,10,0
208,14/05/2021,4:11,2021-07-16 01:13:55,Public-key,12:30,7,0
209,14/05/2021,23:13,2021-06-04 00:30:18,customer loyalty,15:29,9,0
210,14/05/2021,16:53,2021-06-24 02:14:50,bottom-line,13:33,10,0
211,14/05/2021,17:23,2021-05-19 06:22:22,Balanced,14:44,9,0
212,14/05/2021,0:13,2021-07-16 20:20:08,Managed,15:29,6,0
213,14/05/2021,22:22,2021-06-08 14:54:55,client-driven,13:06,8,0
214,14/05/2021,0:13,2021-05-24 07:55:26,solution-oriented,15:14,10,0
215,14/05/2021,17:48,2021-06-28 11:51:32,clear-thinking,13:33,6,0
216,14/05/2021,22:28,2021-07-21 16:00:06,architecture,14:29,7,0
217,14/05/2021,14:51,2021-07-13 05:46:36,Monitored,12:37,8,0
218,14/05/2021,5:47,2021-05-16 10:27:12,info-mediaries,11:52,7,0
219,14/05/2021,17:44,2021-07-07 18:01:35,methodical,10:10,6,0
220,14/05/2021,12:13,2021-06-12 23:02:00,website,10:11,9,0
221,14/05/2021,19:19,2021-05-28 18:15:40,extranet,17:21,9,0
222,14/05/2021,18:39,2021-06-14 01:53:50,radical,13:24,8,0
223,14/05/2021,21:29,2021-07-23 06:58:23,Persevering,17:21,8,0
224,14/05/2021,13:15,2021-05-25 14:05:48,24/7,13:02,8,0
225,14/05/2021,23:43,2021-06-16 05:00:16,synergy,15:45,9,0
226,14/05/2021,14:56,2021-07-01 15:05:24,Profound,15:08,7,0
227,14/05/2021,8:04,2021-07-22 14:31:49,national,14:16,8,0
228,14/05/2021,6:08,2021-06-15 21:30:53,Function-based,16:10,6,0
229,14/05/2021,14:17,2021-07-27 23:03:28,5th generation,15:19,7,0
230,14/05/2021,23:54,2021-06-27 15:20:12,Reverse-engineered,14:20,7,0
231,14/05/2021,7:16,2021-06-18 17:27:31,local area network,10:08,8,0
232,14/05/2021,13:34,2021-06-09 03:16:18,Optimized,12:28,7,0
233,14/05/2021,20:23,2021-07-16 09:40:40,mission-critical,13:44,8,0
234,14/05/2021,22:21,2021-06-11 01:37:24,website,17:33,9,0
235,14/05/2021,11:12,2021-05-14 13:51:50,Profound,16:08,6,0
236,14/05/2021,13:17,2021-07-04 00:19:22,access,10:20,9,0
237,14/05/2021,14:36,2021-07-23 11:37:49,utilisation,11:17,6,0
238,14/05/2021,13:27,2021-06-04 11:24:18,local area network,17:07,9,0
239,14/05/2021,0:28,2021-05-28 18:08:57,Polarised,13:15,6,0
240,14/05/2021,8:01,2021-05-27 20:11:12,even-keeled,15:08,8,0
241,14/05/2021,17:10,2021-05-17 21:42:58,client-driven,14:26,6,0
242,14/05/2021,18:33,2021-07-30 02:04:12,concept,10:34,10,0
243,14/05/2021,19:55,2021-05-16 02:41:05,conglomeration,13:07,10,0
244,14/05/2021,9:04,2021-05-15 02:22:12,throughput,13:31,8,0
245,14/05/2021,2:47,2021-06-07 00:52:45,eco-centric,15:59,10,0
246,14/05/2021,11:17,2021-05-21 13:03:17,transitional,11:30,10,0
247,14/05/2021,19:27,2021-06-20 07:45:39,local,17:54,6,0
248,14/05/2021,22:15,2021-06-24 15:21:28,Enterprise-wide,12:15,7,0
249,14/05/2021,7:42,2021-06-08 14:42:34,User-centric,11:16,8,0
250,14/05/2021,20:09,2021-06-02 14:10:18,pricing structure,10:55,9,0
251,14/05/2021,0:55,2021-07-15 12:31:12,Configurable,17:40,9,0
252,14/05/2021,20:07,2021-06-28 16:04:21,intranet,12:18,9,0
253,14/05/2021,2:14,2021-05-17 19:47:38,workforce,12:20,8,0
254,14/05/2021,23:43,2021-05-21 10:49:48,algorithm,16:46,6,0
255,14/05/2021,19:39,2021-06-25 23:41:13,Profound,15:12,6,0
256,14/05/2021,11:03,2021-07-06 17:46:26,tangible,12:48,8,0
257,14/05/2021,23:00,2021-05-21 23:26:55,exuding,14:23,7,0
258,14/05/2021,9:17,2021-07-26 01:18:38,Secured,13:12,7,0
259,14/05/2021,18:39,2021-06-26 23:22:45,moderator,17:53,8,0
260,14/05/2021,9:43,2021-05-25 19:25:18,exuding,16:11,7,0
261,14/05/2021,11:55,2021-07-24 21:19:16,Profit-focused,15:59,9,0
262,14/05/2021,22:02,2021-06-23 07:56:02,Organized,12:52,10,0
263,14/05/2021,1:22,2021-05-17 12:51:05,Reduced,13:48,9,0
264,14/05/2021,11:41,2021-07-15 17:28:23,flexibility,11:30,8,0
265,14/05/2021,12:43,2021-07-28 21:49:58,optimizing,15:10,6,0
266,14/05/2021,20:02,2021-07-18 22:58:11,encompassing,14:33,9,0
267,14/05/2021,15:08,2021-07-20 22:01:40,Cloned,12:57,10,0
268,14/05/2021,19:14,2021-05-18 19:49:53,reciprocal,17:28,7,0
269,14/05/2021,15:16,2021-05-30 12:51:20,Reactive,14:53,8,0
270,14/05/2021,16:23,2021-05-29 04:32:59,non-volatile,15:16,8,0
271,14/05/2021,2:32,2021-06-11 11:54:36,approach,11:42,6,0
272,14/05/2021,13:38,2021-05-25 21:35:03,Phased,17:43,8,0
273,14/05/2021,10:37,2021-06-20 22:01:57,human-resource,10:20,9,0
274,14/05/2021,2:47,2021-05-19 09:20:56,heuristic,10:58,8,0
275,14/05/2021,9:40,2021-06-30 17:20:06,6th generation,13:33,8,0
276,14/05/2021,5:56,2021-07-16 22:43:45,3rd generation,17:15,7,0
277,14/05/2021,4:29,2021-05-20 11:00:55,complexity,16:30,7,0
278,14/05/2021,15:57,2021-07-01 02:52:30,transitional,11:16,7,0
279,14/05/2021,10:27,2021-07-11 04:11:21,Quality-focused,11:33,6,0
280,14/05/2021,0:56,2021-07-20 01:23:10,system-worthy,11:56,9,0
281,14/05/2021,5:52,2021-05-19 06:16:50,open system,11:16,6,0
282,14/05/2021,21:12,2021-07-06 05:35:11,Innovative,17:34,6,0
283,14/05/2021,17:17,2021-05-22 09:54:59,needs-based,17:58,10,0
284,14/05/2021,20:30,2021-07-03 06:57:35,Exclusive,14:01,6,0
285,14/05/2021,5:47,2021-05-15 09:27:09,system engine,12:23,7,0
286,14/05/2021,8:34,2021-05-25 23:57:54,intranet,15:19,8,0
287,14/05/2021,9:34,2021-06-30 09:05:38,core,17:23,8,0
288,14/05/2021,0:28,2021-05-20 11:35:41,asymmetric,11:03,10,0
289,14/05/2021,13:43,2021-07-29 03:42:30,Reverse-engineered,17:25,9,0
290,14/05/2021,0:38,2021-06-01 00:45:39,methodical,13:28,10,0
291,14/05/2021,16:28,2021-06-01 03:56:14,multi-state,16:51,6,0
292,14/05/2021,7:26,2021-06-20 22:56:40,homogeneous,11:30,8,0
293,14/05/2021,3:03,2021-07-10 01:22:31,leading edge,12:54,6,0
294,14/05/2021,17:50,2021-06-15 22:24:33,4th generation,12:17,8,0
295,14/05/2021,2:56,2021-05-23 09:47:26,national,16:07,6,0
296,14/05/2021,9:23,2021-07-24 16:10:44,synergy,15:01,8,0
297,14/05/2021,15:58,2021-06-10 13:54:45,hierarchy,16:54,9,0
298,14/05/2021,1:00,2021-05-26 17:14:35,Polarised,12:14,9,0
299,14/05/2021,21:25,2021-07-02 11:31:04,Balanced,17:58,10,0
300,14/05/2021,4:04,2021-06-02 10:53:09,optimizing,17:06,7,0
301,14/05/2021,2:53,2021-06-24 23:58:10,responsive,11:00,10,0
302,14/05/2021,15:52,2021-07-08 08:04:40,incremental,16:16,10,0
303,14/05/2021,21:48,2021-05-20 04:54:42,Cross-group,17:29,9,0
304,14/05/2021,4:39,2021-07-07 04:16:28,website,11:20,8,0
305,14/05/2021,2:26,2021-06-29 02:18:04,superstructure,16:37,8,0
306,14/05/2021,20:44,2021-07-18 09:07:33,concept,13:04,9,0
307,14/05/2021,18:57,2021-06-10 05:39:39,concept,15:24,9,0
308,14/05/2021,14:25,2021-07-03 23:41:39,matrix,11:42,8,0
309,14/05/2021,3:30,2021-06-26 03:58:28,forecast,15:02,6,0
310,14/05/2021,3:30,2021-07-01 10:17:08,clear-thinking,10:36,8,0
311,14/05/2021,3:47,2021-06-11 19:34:55,executive,12:42,7,0
312,14/05/2021,14:03,2021-06-10 06:13:04,Adaptive,16:33,8,0
313,14/05/2021,22:55,2021-06-07 07:11:37,interactive,11:40,10,0
314,14/05/2021,7:20,2021-07-16 19:00:13,initiative,11:02,6,0
315,14/05/2021,1:02,2021-07-06 12:16:19,Grass-roots,11:41,10,0
316,14/05/2021,1:24,2021-05-29 20:46:39,system engine,10:43,9,0
317,14/05/2021,19:45,2021-05-22 21:51:51,Integrated,17:53,10,0
318,14/05/2021,23:27,2021-06-29 14:10:05,empowering,15:19,9,0
319,14/05/2021,18:21,2021-05-18 02:15:56,Horizontal,15:26,7,0
320,14/05/2021,14:22,2021-07-20 23:36:23,workforce,12:46,6,0
321,14/05/2021,10:40,2021-07-02 22:06:02,local,13:30,8,0
322,14/05/2021,22:08,2021-06-12 22:25:58,solution,11:24,10,0
323,14/05/2021,18:01,2021-06-13 11:36:27,Business-focused,15:58,9,0
324,14/05/2021,9:58,2021-07-29 04:41:03,protocol,13:45,10,0
325,14/05/2021,22:25,2021-05-23 01:01:41,synergy,14:49,8,0
326,14/05/2021,17:10,2021-05-22 04:32:22,optimal,15:39,6,0
327,14/05/2021,0:58,2021-06-27 19:12:33,fault-tolerant,12:13,8,0
328,14/05/2021,15:33,2021-06-16 02:11:47,motivating,13:38,9,0
329,14/05/2021,9:09,2021-05-31 21:10:58,responsive,13:40,9,0
330,14/05/2021,4:46,2021-07-03 22:24:06,Centralized,14:14,10,0
331,14/05/2021,2:21,2021-06-29 19:45:43,model,17:23,7,0
332,14/05/2021,13:32,2021-05-27 05:20:01,coherent,10:20,6,0
333,14/05/2021,15:51,2021-06-18 04:37:19,Organized,16:06,9,0
334,14/05/2021,17:19,2021-07-03 07:37:14,middleware,10:21,9,0
335,14/05/2021,18:06,2021-07-07 00:47:35,bandwidth-monitored,10:07,9,0
336,14/05/2021,4:23,2021-06-15 08:56:55,Open-architected,14:13,7,0
337,14/05/2021,20:55,2021-06-30 17:28:52,object-oriented,14:19,7,0
338,14/05/2021,21:15,2021-07-02 23:50:40,methodology,15:28,10,0
339,14/05/2021,9:21,2021-06-21 16:34:01,Ergonomic,10:18,8,0
340,14/05/2021,18:24,2021-05-15 11:58:30,hub,16:58,9,0
341,14/05/2021,11:05,2021-05-23 06:01:32,responsive,11:48,10,0
342,14/05/2021,17:28,2021-06-10 08:51:08,success,14:54,9,0
343,14/05/2021,0:45,2021-06-15 17:50:19,archive,15:48,8,0
344,14/05/2021,18:17,2021-07-21 02:59:11,Customer-focused,13:16,6,0
345,14/05/2021,6:32,2021-05-28 05:28:48,Advanced,14:21,6,0
346,14/05/2021,18:53,2021-07-07 14:38:01,heuristic,13:08,8,0
347,14/05/2021,17:07,2021-06-26 22:18:03,architecture,17:48,7,0
348,14/05/2021,1:39,2021-07-06 22:08:35,24 hour,10:03,8,0
349,14/05/2021,17:24,2021-05-27 19:04:09,data-warehouse,15:23,7,0
350,14/05/2021,15:04,2021-07-18 20:10:09,local area network,17:56,8,0
351,14/05/2021,16:08,2021-07-13 03:36:39,dedicated,14:04,8,0
352,14/05/2021,7:06,2021-06-14 11:30:48,knowledge base,17:39,8,0
353,14/05/2021,1:40,2021-06-05 09:38:16,contingency,11:50,9,0
354,14/05/2021,2:15,2021-06-15 16:18:08,4th generation,17:02,9,0
355,14/05/2021,11:46,2021-07-13 02:58:06,Upgradable,11:24,6,0
356,14/05/2021,12:34,2021-07-02 13:46:21,multi-state,12:51,6,0
357,14/05/2021,23:49,2021-05-23 01:21:33,Streamlined,13:07,9,0
358,14/05/2021,15:34,2021-06-20 20:45:54,Seamless,11:39,6,0
359,14/05/2021,9:17,2021-07-06 22:34:55,focus group,14:20,6,0
360,14/05/2021,8:46,2021-06-05 18:12:19,Multi-layered,10:05,6,0
361,14/05/2021,0:03,2021-07-18 11:19:07,Programmable,16:29,8,0
362,14/05/2021,17:22,2021-05-29 14:44:30,Mandatory,17:59,8,0
363,14/05/2021,13:25,2021-05-17 17:37:16,composite,13:18,9,0
364,14/05/2021,0:16,2021-05-25 21:46:59,Extended,15:57,6,0
365,14/05/2021,20:28,2021-06-26 20:44:51,demand-driven,10:41,8,0
366,14/05/2021,16:48,2021-06-27 18:34:21,knowledge base,14:16,9,0
367,14/05/2021,3:39,2021-05-25 04:52:36,superstructure,14:13,9,0
368,14/05/2021,21:00,2021-05-22 06:48:19,optimal,10:36,10,0
369,14/05/2021,11:39,2021-06-13 15:36:54,process improvement,11:55,9,0
370,14/05/2021,12:37,2021-07-23 12:23:36,modular,16:28,7,0
371,14/05/2021,11:16,2021-06-19 23:49:33,functionalities,11:49,6,0
372,14/05/2021,0:52,2021-07-16 11:15:34,complexity,10:11,9,0
373,14/05/2021,7:58,2021-07-21 10:33:12,multimedia,11:24,6,0
374,14/05/2021,7:18,2021-05-20 03:35:42,Programmable,14:34,8,0
375,14/05/2021,19:13,2021-06-21 21:48:21,intangible,15:29,8,0
376,14/05/2021,11:11,2021-05-18 06:34:59,Devolved,14:19,8,0
377,14/05/2021,2:23,2021-07-22 23:47:24,methodical,13:40,8,0
378,14/05/2021,10:24,2021-06-21 06:57:11,conglomeration,14:29,6,0
379,14/05/2021,20:56,2021-07-25 19:21:53,regional,14:35,6,0
380,14/05/2021,9:45,2021-06-04 02:53:07,eco-centric,10:30,10,0
381,14/05/2021,18:20,2021-06-02 05:39:32,firmware,13:38,6,0
382,14/05/2021,5:27,2021-06-21 13:40:26,hierarchy,14:54,10,0
383,14/05/2021,16:29,2021-07-04 20:17:13,24/7,16:22,10,0
384,14/05/2021,21:18,2021-05-25 18:17:27,4th generation,14:06,9,0
385,14/05/2021,3:27,2021-06-16 00:57:49,multi-state,12:33,9,0
386,14/05/2021,1:41,2021-07-21 17:55:24,Customer-focused,15:57,9,0
387,14/05/2021,0:59,2021-05-16 08:14:53,Horizontal,15:48,8,0
388,14/05/2021,12:41,2021-06-11 04:07:42,Ameliorated,13:09,8,0
389,14/05/2021,18:52,2021-07-10 04:39:57,framework,16:47,8,0
390,14/05/2021,5:00,2021-07-14 10:00:24,mission-critical,14:44,6,0
391,14/05/2021,1:26,2021-06-17 05:59:30,capacity,13:04,9,0
392,14/05/2021,19:32,2021-07-29 09:01:30,Cloned,16:47,8,0
393,14/05/2021,20:02,2021-07-23 09:18:21,standardization,10:29,8,0
394,14/05/2021,17:58,2021-06-29 12:26:33,Streamlined,10:38,8,0
395,14/05/2021,14:23,2021-07-16 17:13:49,contextually-based,12:02,6,0
396,14/05/2021,19:21,2021-06-07 19:31:06,Networked,14:49,9,0
397,14/05/2021,17:44,2021-06-03 14:25:42,emulation,13:19,10,0
398,14/05/2021,2:22,2021-06-08 06:27:04,orchestration,10:44,6,0
399,14/05/2021,12:16,2021-06-06 11:40:49,bottom-line,14:40,8,0
400,14/05/2021,1:38,2021-06-12 03:22:18,Upgradable,15:38,8,0
401,14/05/2021,9:58,2021-07-11 14:56:46,artificial intelligence,12:17,10,0
402,14/05/2021,14:23,2021-05-18 12:48:20,Enhanced,14:50,8,0
403,14/05/2021,23:35,2021-07-11 16:35:38,strategy,10:58,10,0
404,14/05/2021,19:51,2021-07-19 05:29:24,Programmable,16:24,10,0
405,14/05/2021,21:24,2021-06-17 04:24:12,time-frame,12:23,6,0
406,14/05/2021,21:38,2021-05-19 02:14:39,demand-driven,17:58,7,0
407,14/05/2021,9:23,2021-05-18 07:17:53,content-based,14:56,7,0
408,14/05/2021,15:46,2021-06-28 06:23:38,open architecture,14:58,9,0
409,14/05/2021,13:34,2021-07-11 11:02:18,interactive,12:20,9,0
410,14/05/2021,5:57,2021-06-04 21:59:31,array,12:13,6,0
411,14/05/2021,8:40,2021-07-25 01:19:53,Operative,17:35,10,0
412,14/05/2021,1:40,2021-07-30 23:39:33,Total,14:39,6,0
413,14/05/2021,13:30,2021-05-17 15:05:19,definition,15:49,8,0
414,14/05/2021,15:43,2021-07-23 00:09:12,Proactive,16:59,10,0
415,14/05/2021,1:10,2021-06-26 04:10:59,software,17:27,10,0
416,14/05/2021,16:34,2021-06-28 14:10:01,optimal,15:28,8,0
417,14/05/2021,9:33,2021-07-01 18:40:07,reciprocal,17:06,8,0
418,14/05/2021,21:37,2021-06-02 07:44:18,24/7,13:34,9,0
419,14/05/2021,12:23,2021-07-09 14:13:05,adapter,17:25,7,0
420,14/05/2021,15:53,2021-07-14 06:47:47,analyzing,14:10,7,0
421,14/05/2021,21:51,2021-05-21 00:27:16,Organic,17:05,8,0
422,14/05/2021,17:52,2021-07-14 22:51:24,client-server,12:47,10,0
423,14/05/2021,12:20,2021-07-05 05:33:49,uniform,13:40,8,0
424,14/05/2021,3:51,2021-07-12 10:19:23,explicit,15:29,7,0
425,14/05/2021,4:12,2021-07-26 04:47:21,Diverse,12:53,7,0
426,14/05/2021,18:25,2021-06-23 13:01:31,Enterprise-wide,13:59,6,0
427,14/05/2021,16:08,2021-06-20 00:29:14,complexity,11:05,8,0
428,14/05/2021,10:38,2021-05-20 15:03:34,solution-oriented,11:51,8,0
429,14/05/2021,22:41,2021-07-02 05:03:23,Persevering,17:46,9,0
430,14/05/2021,20:55,2021-07-30 10:39:56,migration,13:44,8,0
431,14/05/2021,4:11,2021-06-15 04:51:38,collaboration,17:49,8,0
432,14/05/2021,17:25,2021-05-23 03:38:25,installation,11:49,8,0
433,14/05/2021,23:05,2021-07-25 09:55:24,empowering,11:19,9,0
434,14/05/2021,1:13,2021-07-08 15:14:36,Multi-channelled,12:03,6,0
435,14/05/2021,3:00,2021-05-17 20:28:00,core,17:00,9,0
436,14/05/2021,17:59,2021-06-04 21:17:03,Horizontal,10:59,6,0
437,14/05/2021,16:16,2021-06-01 12:50:45,logistical,14:33,7,0
438,14/05/2021,7:27,2021-06-03 08:44:26,real-time,14:31,10,0
439,14/05/2021,22:20,2021-06-26 04:02:56,Enhanced,12:36,6,0
440,14/05/2021,22:33,2021-07-02 01:27:54,superstructure,13:33,7,0
441,14/05/2021,4:13,2021-07-01 16:20:55,User-friendly,12:26,8,0
442,14/05/2021,2:19,2021-07-09 08:33:10,methodical,15:39,6,0
443,14/05/2021,0:40,2021-06-30 12:13:49,ability,15:54,6,0
444,14/05/2021,3:03,2021-07-06 08:07:03,Implemented,14:08,7,0
445,14/05/2021,4:28,2021-07-25 19:24:30,Visionary,11:53,9,0
446,14/05/2021,17:06,2021-07-20 12:00:25,Future-proofed,16:33,9,0
447,14/05/2021,5:01,2021-07-13 09:30:51,Fundamental,14:34,10,0
448,14/05/2021,7:49,2021-05-23 12:06:59,next generation,13:55,10,0
449,14/05/2021,7:22,2021-05-24 11:59:30,Switchable,12:33,7,0
450,14/05/2021,11:49,2021-06-02 14:57:02,standardization,11:50,8,0
451,14/05/2021,23:00,2021-06-23 14:05:42,encoding,17:04,9,0
452,14/05/2021,12:43,2021-06-29 17:28:30,info-mediaries,17:39,9,0
453,14/05/2021,9:27,2021-06-29 12:55:20,eco-centric,12:30,8,0
454,14/05/2021,12:53,2021-06-14 19:15:25,bandwidth-monitored,16:11,8,0
455,14/05/2021,3:15,2021-07-11 17:50:49,demand-driven,12:12,10,0
456,14/05/2021,23:58,2021-06-13 14:54:10,initiative,10:25,10,0
457,14/05/2021,13:59,2021-06-19 19:28:22,coherent,12:54,9,0
458,14/05/2021,19:16,2021-06-03 00:40:27,maximized,12:02,6,0
459,14/05/2021,2:37,2021-05-19 10:24:15,success,10:08,8,0
460,14/05/2021,22:08,2021-06-02 06:38:07,pricing structure,14:28,10,0
461,14/05/2021,11:54,2021-06-22 09:12:17,productivity,14:54,9,0
462,14/05/2021,9:47,2021-06-02 20:44:58,reciprocal,15:00,10,0
463,14/05/2021,11:08,2021-05-14 09:50:07,Front-line,14:03,9,0
464,14/05/2021,19:38,2021-06-15 15:44:18,systematic,14:42,6,0
465,14/05/2021,15:42,2021-05-18 17:01:46,mission-critical,12:26,10,0
466,14/05/2021,21:24,2021-05-14 13:42:10,migration,13:22,9,0
467,14/05/2021,13:53,2021-06-20 09:31:15,Centralized,17:59,7,0
468,14/05/2021,4:56,2021-07-30 10:13:11,24 hour,14:51,7,0
469,14/05/2021,18:16,2021-06-20 20:13:13,5th generation,11:42,10,0
470,14/05/2021,22:39,2021-06-30 01:44:39,interactive,10:54,6,0
471,14/05/2021,21:27,2021-07-10 04:28:07,migration,10:45,9,0
472,14/05/2021,2:46,2021-06-15 22:25:52,budgetary management,13:41,8,0
473,14/05/2021,15:51,2021-07-28 00:57:41,cohesive,14:25,6,0
474,14/05/2021,23:35,2021-05-29 05:29:40,intranet,12:40,7,0
475,14/05/2021,16:35,2021-06-23 13:08:06,heuristic,11:04,9,0
476,14/05/2021,3:05,2021-06-23 19:59:16,parallelism,16:42,7,0
477,14/05/2021,8:28,2021-06-21 23:43:16,De-engineered,10:27,8,0
478,14/05/2021,5:19,2021-07-14 14:42:22,Sharable,17:49,6,0
479,14/05/2021,16:13,2021-05-14 16:52:42,heuristic,17:10,10,0
480,14/05/2021,10:33,2021-07-27 01:12:54,grid-enabled,10:32,10,0
481,14/05/2021,0:49,2021-06-17 16:00:34,support,14:39,10,0
482,14/05/2021,11:53,2021-06-01 13:44:52,encryption,16:42,9,0
483,14/05/2021,0:25,2021-07-06 08:41:40,Organized,16:13,10,0
484,14/05/2021,0:55,2021-06-24 05:46:46,leading edge,15:28,10,0
485,14/05/2021,10:00,2021-06-27 19:26:03,hub,15:33,8,0
486,14/05/2021,18:56,2021-07-17 03:40:31,Exclusive,14:47,9,0
487,14/05/2021,18:44,2021-06-02 05:02:38,even-keeled,15:11,9,0
488,14/05/2021,22:55,2021-07-02 07:50:36,Mandatory,10:02,9,0
489,14/05/2021,17:50,2021-06-30 08:23:12,leading edge,13:57,6,0
490,14/05/2021,4:31,2021-06-07 08:03:08,architecture,14:32,9,0
491,14/05/2021,6:19,2021-07-03 15:33:45,Graphic Interface,10:21,10,0
492,14/05/2021,5:41,2021-07-21 08:08:52,incremental,16:49,7,0
493,14/05/2021,9:34,2021-05-14 05:48:09,Streamlined,13:45,10,0
494,14/05/2021,8:23,2021-05-22 20:48:13,application,11:40,8,0
495,14/05/2021,21:44,2021-05-25 00:17:47,Re-contextualized,16:03,8,0
496,14/05/2021,10:24,2021-07-01 11:02:49,24 hour,17:00,9,0
497,14/05/2021,19:19,2021-07-24 21:14:29,homogeneous,13:55,7,0
498,14/05/2021,19:46,2021-07-01 18:26:01,Organized,14:33,6,0
499,14/05/2021,19:04,2021-07-11 21:33:11,executive,13:38,9,0
500,14/05/2021,18:44,2021-07-16 22:32:50,Profit-focused,13:17,8,0
501,14/05/2021,20:16,2021-06-29 07:37:03,mission-critical,12:58,8,0
502,14/05/2021,9:38,2021-07-02 19:31:25,structure,13:25,8,0
503,14/05/2021,23:11,2021-07-25 22:53:20,Customer-focused,13:29,10,0
504,14/05/2021,10:15,2021-07-09 15:57:21,complexity,15:54,6,0
505,14/05/2021,3:53,2021-06-10 07:30:14,Down-sized,15:06,8,0
506,14/05/2021,6:07,2021-05-28 06:27:03,zero administration,12:43,7,0
507,14/05/2021,10:34,2021-07-01 05:12:29,client-server,15:58,8,0
508,14/05/2021,11:10,2021-06-05 06:38:33,client-driven,14:59,10,0
509,14/05/2021,5:38,2021-07-25 19:01:12,Ameliorated,16:36,10,0
510,14/05/2021,12:37,2021-06-25 23:05:48,dedicated,13:45,8,0
511,14/05/2021,15:29,2021-06-07 16:21:07,Customer-focused,13:32,9,0
512,14/05/2021,3:27,2021-07-26 00:17:27,Inverse,16:19,6,0
513,14/05/2021,2:28,2021-07-21 09:05:54,modular,15:15,9,0
514,14/05/2021,8:37,2021-06-10 18:12:22,Total,13:03,7,0
515,14/05/2021,20:29,2021-07-07 12:34:48,multimedia,12:48,7,0
516,14/05/2021,5:09,2021-05-23 04:52:30,toolset,15:54,6,0
517,14/05/2021,0:45,2021-06-19 18:07:33,moderator,12:47,6,0
518,14/05/2021,2:45,2021-07-19 11:16:04,24/7,14:08,10,0
519,14/05/2021,15:02,2021-07-02 23:00:54,concept,15:51,8,0
520,14/05/2021,17:43,2021-06-22 11:21:01,Virtual,10:12,8,0
521,14/05/2021,18:00,2021-06-28 13:17:05,secured line,10:55,7,0
522,14/05/2021,3:02,2021-06-09 15:54:58,Configurable,12:54,10,0
523,14/05/2021,15:26,2021-07-20 23:39:18,Re-contextualized,12:45,9,0
524,14/05/2021,3:25,2021-07-26 23:45:14,interface,17:36,8,0
525,14/05/2021,1:19,2021-07-21 00:05:37,Progressive,11:27,10,0
526,14/05/2021,20:50,2021-06-03 20:55:08,moderator,10:32,8,0
527,14/05/2021,6:34,2021-05-24 07:38:18,parallelism,13:31,9,0
528,14/05/2021,13:10,2021-06-10 04:09:25,well-modulated,17:24,7,0
529,14/05/2021,9:34,2021-07-23 03:52:08,Object-based,17:00,8,0
530,14/05/2021,7:03,2021-06-12 12:44:28,Innovative,14:17,8,0
531,14/05/2021,15:31,2021-05-18 03:19:07,projection,12:42,8,0
532,14/05/2021,17:33,2021-05-30 19:00:32,human-resource,12:42,7,0
533,14/05/2021,22:18,2021-07-10 04:47:05,Streamlined,12:03,9,0
534,14/05/2021,12:02,2021-06-09 04:55:25,Upgradable,17:05,7,0
535,14/05/2021,1:48,2021-06-19 04:11:02,Proactive,13:15,6,0
536,14/05/2021,4:15,2021-05-15 16:00:23,Total,14:00,10,0
537,14/05/2021,23:30,2021-06-05 19:01:56,product,12:51,6,0
538,14/05/2021,11:09,2021-05-23 18:57:14,modular,11:45,6,0
539,14/05/2021,6:40,2021-07-04 12:19:25,Exclusive,14:09,7,0
540,14/05/2021,14:16,2021-07-05 23:06:11,open system,17:44,9,0
541,14/05/2021,1:12,2021-05-15 13:48:37,throughput,11:47,10,0
542,14/05/2021,1:55,2021-05-27 07:09:04,Polarised,14:20,8,0
543,14/05/2021,21:29,2021-06-15 19:00:35,fresh-thinking,13:41,10,0
544,14/05/2021,0:09,2021-06-04 14:11:56,5th generation,11:01,7,0
545,14/05/2021,3:33,2021-06-26 15:48:32,homogeneous,11:54,7,0
546,14/05/2021,12:47,2021-07-06 07:10:33,bottom-line,15:48,10,0
547,14/05/2021,19:33,2021-07-08 13:12:54,actuating,10:02,8,0
548,14/05/2021,23:53,2021-07-28 03:36:40,Operative,16:19,10,0
549,14/05/2021,18:45,2021-07-25 06:52:45,system-worthy,17:59,7,0
550,14/05/2021,9:49,2021-07-19 22:54:32,Profound,11:01,8,0
551,14/05/2021,3:44,2021-06-26 07:19:36,process improvement,12:26,7,0
552,14/05/2021,9:01,2021-07-05 00:31:58,leading edge,10:06,8,0
553,14/05/2021,17:47,2021-07-30 22:38:21,Triple-buffered,11:09,6,0
554,14/05/2021,4:05,2021-06-21 06:21:00,contextually-based,15:02,7,0
555,14/05/2021,14:25,2021-07-14 04:24:50,systematic,13:50,6,0
556,14/05/2021,5:11,2021-06-28 07:48:12,infrastructure,12:08,6,0
557,14/05/2021,3:03,2021-07-05 12:49:56,complexity,12:48,7,0
558,14/05/2021,22:26,2021-05-30 10:30:49,homogeneous,12:26,9,0
559,14/05/2021,16:42,2021-05-24 05:47:40,algorithm,14:18,8,0
560,14/05/2021,7:11,2021-06-09 12:05:55,scalable,15:18,10,0
561,14/05/2021,11:31,2021-06-13 21:26:59,didactic,13:07,10,0
562,14/05/2021,10:33,2021-07-05 20:11:55,Multi-channelled,10:45,9,0
563,14/05/2021,1:14,2021-06-06 17:55:42,secured line,14:20,8,0
564,14/05/2021,5:38,2021-06-12 11:03:23,Implemented,10:29,10,0
565,14/05/2021,19:31,2021-05-31 16:22:31,Extended,17:39,9,0
566,14/05/2021,13:17,2021-06-04 22:00:38,global,15:42,7,0
567,14/05/2021,18:13,2021-06-22 16:57:06,application,14:53,10,0
568,14/05/2021,17:11,2021-06-06 09:58:05,projection,15:10,6,0
569,14/05/2021,2:04,2021-05-17 11:32:54,solution,13:45,10,0
570,14/05/2021,17:37,2021-06-10 21:37:08,Mandatory,16:12,8,0
571,14/05/2021,2:24,2021-05-14 02:10:41,productivity,11:59,10,0
572,14/05/2021,9:15,2021-07-26 05:08:42,6th generation,17:47,9,0
573,14/05/2021,23:01,2021-07-11 01:37:52,time-frame,17:19,7,0
574,14/05/2021,8:55,2021-06-14 02:55:49,task-force,17:13,6,0
575,14/05/2021,1:53,2021-06-26 01:22:57,Team-oriented,12:55,8,0
576,14/05/2021,20:45,2021-06-13 16:10:18,matrix,15:45,8,0
577,14/05/2021,9:14,2021-05-18 00:27:53,Reverse-engineered,16:38,10,0
578,14/05/2021,8:41,2021-07-17 05:26:26,Enterprise-wide,16:45,8,0
579,14/05/2021,9:05,2021-07-30 04:22:20,hybrid,15:05,10,0
580,14/05/2021,14:46,2021-07-27 00:41:18,hub,15:27,8,0
581,14/05/2021,2:38,2021-07-14 11:59:35,Pre-emptive,12:42,8,0
582,14/05/2021,10:55,2021-06-28 16:44:11,task-force,17:41,9,0
583,14/05/2021,21:16,2021-05-16 18:57:18,Secured,13:45,9,0
584,14/05/2021,12:33,2021-06-28 15:27:34,initiative,12:27,8,0
585,14/05/2021,9:50,2021-07-07 01:49:13,core,15:42,10,0
586,14/05/2021,11:19,2021-06-26 12:59:50,architecture,14:51,9,0
587,14/05/2021,17:46,2021-05-27 08:35:45,Cross-group,11:45,8,0
588,14/05/2021,19:34,2021-05-22 15:19:44,matrices,11:19,10,0
589,14/05/2021,11:37,2021-06-11 07:04:34,discrete,13:40,8,0
590,14/05/2021,16:14,2021-06-16 12:29:56,matrix,14:28,9,0
591,14/05/2021,19:49,2021-05-29 13:46:22,Realigned,13:10,6,0
592,14/05/2021,4:33,2021-07-01 19:37:46,Right-sized,12:40,8,0
593,14/05/2021,4:10,2021-05-14 15:33:49,eco-centric,13:06,10,0
594,14/05/2021,21:27,2021-06-18 21:57:03,neutral,10:16,7,0
595,14/05/2021,9:08,2021-07-20 14:09:40,Reactive,12:59,10,0
596,14/05/2021,14:16,2021-05-15 23:14:22,multi-state,16:35,7,0
597,14/05/2021,23:26,2021-07-26 01:36:50,asymmetric,15:53,10,0
598,14/05/2021,11:21,2021-05-22 00:28:45,Ergonomic,14:59,9,0
599,14/05/2021,7:40,2021-07-13 13:57:01,Future-proofed,12:58,10,0
600,14/05/2021,14:56,2021-05-14 07:07:15,Upgradable,13:00,6,0
601,14/05/2021,17:03,2021-06-18 22:04:45,challenge,12:52,8,0
602,14/05/2021,3:39,2021-07-11 04:10:55,multi-tasking,15:04,9,0
603,14/05/2021,0:21,2021-06-05 03:41:51,Ameliorated,11:25,6,0
604,14/05/2021,7:40,2021-05-31 02:10:37,24 hour,14:16,6,0
605,14/05/2021,10:08,2021-06-01 05:57:19,scalable,12:01,10,0
606,14/05/2021,16:11,2021-07-09 13:58:12,content-based,14:00,6,0
607,14/05/2021,11:32,2021-06-29 15:28:57,hierarchy,10:15,10,0
608,14/05/2021,23:55,2021-07-01 02:55:32,empowering,10:24,9,0
609,14/05/2021,7:31,2021-07-09 01:33:13,Distributed,12:19,8,0
610,14/05/2021,2:49,2021-06-09 00:43:36,Optimized,11:19,7,0
611,14/05/2021,2:56,2021-07-24 06:52:17,Secured,12:54,6,0
612,14/05/2021,1:44,2021-05-16 01:40:42,zero tolerance,13:35,8,0
613,14/05/2021,13:02,2021-05-17 10:22:17,model,11:19,10,0
614,14/05/2021,22:24,2021-06-29 00:46:57,installation,10:24,9,0
615,14/05/2021,4:49,2021-06-23 06:48:37,architecture,10:58,10,0
616,14/05/2021,19:02,2021-05-26 22:41:48,array,10:19,6,0
617,14/05/2021,13:17,2021-05-22 17:16:55,Horizontal,17:49,6,0
618,14/05/2021,2:47,2021-05-26 07:14:05,leading edge,10:29,9,0
619,14/05/2021,15:00,2021-06-06 21:33:52,Ameliorated,16:58,7,0
620,14/05/2021,5:58,2021-05-25 06:16:08,parallelism,14:26,8,0
621,14/05/2021,17:42,2021-05-24 10:48:07,User-centric,13:33,7,0
622,14/05/2021,4:07,2021-07-30 19:06:04,Devolved,10:15,7,0
623,14/05/2021,15:09,2021-07-30 22:58:00,Synchronised,12:27,9,0
624,14/05/2021,4:20,2021-05-26 22:08:01,help-desk,14:28,6,0
625,14/05/2021,20:40,2021-07-02 22:34:55,mobile,11:34,9,0
626,14/05/2021,19:53,2021-07-01 08:34:46,firmware,14:07,6,0
627,14/05/2021,1:32,2021-07-07 01:51:56,Progressive,16:34,6,0
628,14/05/2021,9:07,2021-05-26 11:19:50,Intuitive,10:58,9,0
629,14/05/2021,6:32,2021-07-27 01:31:40,Multi-layered,17:07,6,0
630,14/05/2021,14:51,2021-06-10 12:18:50,solution-oriented,17:58,8,0
631,14/05/2021,8:01,2021-05-29 05:18:16,concept,13:17,7,0
632,14/05/2021,7:38,2021-07-19 05:53:23,Synergistic,15:40,10,0
633,14/05/2021,8:55,2021-06-18 19:48:22,hub,16:25,10,0
634,14/05/2021,3:13,2021-07-14 01:55:52,Graphic Interface,13:06,6,0
635,14/05/2021,22:13,2021-06-20 00:14:06,paradigm,13:10,9,0
636,14/05/2021,13:40,2021-06-30 18:27:07,definition,10:21,6,0
637,14/05/2021,9:39,2021-05-25 05:39:18,middleware,17:52,9,0
638,14/05/2021,14:05,2021-07-03 16:07:32,Extended,10:43,7,0
639,14/05/2021,12:01,2021-06-20 09:29:52,customer loyalty,17:00,6,0
640,14/05/2021,22:39,2021-06-10 22:20:27,emulation,10:56,7,0
641,14/05/2021,0:04,2021-05-19 07:45:26,orchestration,14:33,6,0
642,14/05/2021,10:29,2021-06-07 08:50:31,Decentralized,14:04,8,0
643,14/05/2021,22:01,2021-07-15 03:00:53,Profound,15:38,8,0
644,14/05/2021,17:36,2021-06-16 08:07:07,internet solution,11:52,8,0
645,14/05/2021,13:34,2021-07-13 16:33:15,intangible,14:15,8,0
646,14/05/2021,1:41,2021-06-16 04:00:10,multi-tasking,11:49,10,0
647,14/05/2021,9:08,2021-05-18 13:56:50,monitoring,13:49,7,0
648,14/05/2021,15:19,2021-07-03 20:15:06,Seamless,14:06,6,0
649,14/05/2021,4:42,2021-06-14 17:04:04,local area network,11:53,10,0
650,14/05/2021,16:01,2021-05-23 06:17:18,global,16:35,9,0
651,14/05/2021,1:30,2021-05-26 13:07:47,Polarised,16:48,9,0
652,14/05/2021,19:56,2021-07-18 17:27:14,conglomeration,17:07,7,0
653,14/05/2021,4:06,2021-07-21 12:53:00,4th generation,16:47,10,0
654,14/05/2021,3:05,2021-05-17 19:55:02,Team-oriented,11:12,8,0
655,14/05/2021,5:25,2021-07-20 20:48:29,alliance,17:59,10,0
656,14/05/2021,13:15,2021-06-25 00:05:03,zero administration,11:47,6,0
657,14/05/2021,22:23,2021-06-06 12:06:31,coherent,11:27,10,0
658,14/05/2021,15:03,2021-06-09 08:09:17,pricing structure,15:17,8,0
659,14/05/2021,14:46,2021-07-11 09:57:47,Triple-buffered,10:05,9,0
660,14/05/2021,9:41,2021-06-24 18:31:14,neural-net,13:42,9,0
661,14/05/2021,2:05,2021-07-30 00:03:38,exuding,10:31,8,0
662,14/05/2021,6:45,2021-05-15 01:19:35,Cross-platform,15:21,9,0
663,14/05/2021,6:01,2021-05-30 22:13:16,Ergonomic,10:54,10,0
664,14/05/2021,11:58,2021-05-23 23:33:02,standardization,16:53,9,0
665,14/05/2021,2:13,2021-05-27 19:41:08,Customizable,17:45,8,0
666,14/05/2021,10:15,2021-06-27 21:57:48,upward-trending,14:50,9,0
667,14/05/2021,5:33,2021-07-22 21:57:46,policy,17:35,6,0
668,14/05/2021,22:35,2021-07-11 22:13:40,function,11:13,7,0
669,14/05/2021,21:35,2021-07-08 19:06:08,Optimized,15:11,9,0
670,14/05/2021,17:29,2021-05-20 04:57:51,project,13:35,10,0
671,14/05/2021,23:01,2021-06-09 01:07:22,zero administration,12:06,7,0
672,14/05/2021,0:29,2021-06-07 14:02:39,encryption,17:32,10,0
673,14/05/2021,2:26,2021-06-01 03:16:44,Horizontal,12:50,6,0
674,14/05/2021,7:58,2021-07-17 05:07:33,regional,16:33,9,0
675,14/05/2021,10:08,2021-07-01 07:28:32,Re-contextualized,15:36,8,0
676,14/05/2021,15:32,2021-06-15 06:33:18,modular,16:20,7,0
677,14/05/2021,4:52,2021-06-08 06:23:30,asymmetric,10:39,9,0
678,14/05/2021,5:03,2021-06-28 12:59:11,intangible,10:36,7,0
679,14/05/2021,12:22,2021-05-24 07:42:48,project,11:45,9,0
680,14/05/2021,1:28,2021-06-01 12:04:06,high-level,16:10,7,0
681,14/05/2021,12:00,2021-07-14 04:05:17,discrete,17:57,7,0
682,14/05/2021,12:33,2021-07-05 03:17:33,success,13:57,9,0
683,14/05/2021,16:17,2021-07-13 05:59:17,adapter,15:10,6,0
684,14/05/2021,13:43,2021-07-09 05:01:43,framework,14:29,10,0
685,14/05/2021,18:49,2021-06-16 06:02:20,hardware,12:54,9,0
686,14/05/2021,10:05,2021-05-16 06:16:30,Multi-channelled,15:16,7,0
687,14/05/2021,4:34,2021-06-23 01:06:27,Multi-tiered,16:28,8,0
688,14/05/2021,5:56,2021-06-28 21:42:38,Team-oriented,16:15,9,0
689,14/05/2021,4:14,2021-05-29 22:25:51,frame,15:00,7,0
690,14/05/2021,21:13,2021-07-02 04:49:51,Balanced,12:43,10,0
691,14/05/2021,18:13,2021-06-27 21:52:09,utilisation,14:23,9,0
692,14/05/2021,0:22,2021-05-20 14:09:16,pricing structure,17:16,9,0
693,14/05/2021,4:34,2021-07-06 15:31:26,open system,13:37,9,0
694,14/05/2021,3:17,2021-06-13 17:43:33,regional,13:28,10,0
695,14/05/2021,22:56,2021-06-20 07:31:32,didactic,17:16,6,0
696,14/05/2021,21:07,2021-06-05 18:18:28,frame,15:49,7,0
697,14/05/2021,7:26,2021-05-25 17:07:51,Profound,16:03,6,0
698,14/05/2021,10:18,2021-06-08 08:19:41,Managed,10:14,10,0
699,14/05/2021,2:21,2021-07-11 21:11:20,explicit,12:15,6,0
700,14/05/2021,4:59,2021-06-20 00:53:20,high-level,13:04,6,0
701,14/05/2021,15:30,2021-05-15 16:34:38,zero tolerance,15:29,6,0
702,14/05/2021,20:10,2021-05-23 04:23:12,Monitored,12:55,7,0
703,14/05/2021,21:06,2021-07-09 22:16:00,hardware,15:56,7,0
704,14/05/2021,12:23,2021-07-27 15:32:21,circuit,14:55,10,0
705,14/05/2021,3:04,2021-07-22 15:25:39,strategy,17:01,8,0
706,14/05/2021,1:06,2021-06-30 09:19:39,benchmark,11:31,6,0
707,14/05/2021,0:31,2021-06-22 01:36:53,monitoring,10:31,7,0
708,14/05/2021,14:15,2021-06-30 19:56:37,bifurcated,12:05,6,0
709,14/05/2021,5:06,2021-06-15 16:27:17,Object-based,14:33,8,0
710,14/05/2021,22:52,2021-07-06 15:11:41,dedicated,17:18,7,0
711,14/05/2021,13:19,2021-06-17 18:39:48,Secured,13:17,8,0
712,14/05/2021,17:15,2021-06-24 12:58:43,Virtual,16:55,8,0
713,14/05/2021,21:44,2021-05-30 07:24:21,explicit,15:38,8,0
714,14/05/2021,2:53,2021-06-25 09:43:04,Multi-lateral,16:59,8,0
715,14/05/2021,4:23,2021-07-08 02:02:20,synergy,12:17,6,0
716,14/05/2021,20:18,2021-06-13 07:39:29,Face to face,17:40,9,0
717,14/05/2021,12:53,2021-06-27 12:37:06,hierarchy,12:11,8,0
718,14/05/2021,19:03,2021-06-17 01:12:56,Upgradable,11:22,6,0
719,14/05/2021,0:51,2021-05-26 12:18:09,responsive,17:02,10,0
720,14/05/2021,5:11,2021-07-06 07:53:04,Grass-roots,16:07,9,0
721,14/05/2021,0:01,2021-07-20 04:53:33,contingency,14:24,9,0
722,14/05/2021,16:33,2021-06-08 06:04:28,uniform,15:54,10,0
723,14/05/2021,10:09,2021-06-24 18:06:57,Advanced,15:35,10,0
724,14/05/2021,20:08,2021-06-20 20:42:39,local area network,14:03,8,0
725,14/05/2021,20:56,2021-06-02 23:44:54,high-level,17:38,8,0
726,14/05/2021,13:36,2021-06-19 20:04:15,database,10:37,10,0
727,14/05/2021,21:09,2021-07-20 14:39:40,national,11:20,9,0
728,14/05/2021,22:35,2021-07-15 06:15:18,multi-state,14:28,9,0
729,14/05/2021,20:46,2021-05-30 23:09:49,systemic,16:42,10,0
730,14/05/2021,3:04,2021-06-09 20:41:06,Multi-layered,14:58,10,0
731,14/05/2021,22:13,2021-06-18 09:11:11,concept,13:40,7,0
732,14/05/2021,18:49,2021-07-30 13:04:20,hardware,11:43,10,0
733,14/05/2021,9:36,2021-07-29 15:46:45,User-centric,13:04,6,0
734,14/05/2021,18:53,2021-06-17 11:48:35,Inverse,15:25,10,0
735,14/05/2021,8:57,2021-05-22 19:17:12,Synergistic,12:16,8,0
736,14/05/2021,2:15,2021-07-21 03:49:04,interactive,17:59,8,0
737,14/05/2021,17:50,2021-07-23 21:59:28,national,15:17,10,0
738,14/05/2021,14:24,2021-06-11 07:50:08,optimizing,17:47,7,0
739,14/05/2021,21:00,2021-07-28 22:53:31,full-range,10:00,8,0
740,14/05/2021,3:19,2021-06-05 20:03:05,strategy,11:30,9,0
741,14/05/2021,13:13,2021-06-28 23:35:51,reciprocal,17:06,6,0
742,14/05/2021,18:56,2021-06-25 18:44:27,collaboration,10:50,7,0
743,14/05/2021,8:39,2021-07-14 17:53:25,Pre-emptive,13:56,8,0
744,14/05/2021,15:42,2021-05-20 20:13:28,encryption,15:42,10,0
745,14/05/2021,15:32,2021-07-12 06:59:23,complexity,11:46,6,0
746,14/05/2021,4:46,2021-07-14 04:49:32,array,11:37,8,0
747,14/05/2021,12:21,2021-06-28 08:10:48,Synchronised,16:54,10,0
748,14/05/2021,2:06,2021-07-16 18:31:27,Proactive,13:37,6,0
749,14/05/2021,5:50,2021-06-20 18:57:27,Object-based,13:42,7,0
750,14/05/2021,21:26,2021-07-21 14:15:23,support,17:13,8,0
751,14/05/2021,6:57,2021-05-14 12:44:29,Enhanced,16:16,8,0
752,14/05/2021,12:26,2021-07-12 04:28:43,Cloned,17:34,10,0
753,14/05/2021,8:56,2021-06-14 10:16:53,needs-based,16:56,9,0
754,14/05/2021,12:33,2021-07-15 14:45:14,high-level,11:34,7,0
755,14/05/2021,2:12,2021-07-20 22:18:24,Customizable,13:11,6,0
756,14/05/2021,1:09,2021-05-27 19:36:52,mobile,16:30,9,0
757,14/05/2021,17:28,2021-07-07 05:40:06,Integrated,12:45,7,0
758,14/05/2021,9:35,2021-07-09 09:38:58,Centralized,10:24,6,0
759,14/05/2021,15:55,2021-07-15 09:36:19,disintermediate,11:32,9,0
760,14/05/2021,8:56,2021-07-20 21:52:20,24 hour,16:02,10,0
761,14/05/2021,13:09,2021-07-20 10:30:00,explicit,10:05,6,0
762,14/05/2021,17:04,2021-05-19 09:01:23,Up-sized,17:43,10,0
763,14/05/2021,17:03,2021-05-16 05:54:09,national,10:31,9,0
764,14/05/2021,4:16,2021-06-03 02:45:36,Monitored,13:24,9,0
765,14/05/2021,21:07,2021-07-08 07:37:03,heuristic,14:59,6,0
766,14/05/2021,17:36,2021-06-03 05:55:47,open architecture,15:59,8,0
767,14/05/2021,15:42,2021-06-03 03:15:34,heuristic,16:54,8,0
768,14/05/2021,19:01,2021-07-30 14:32:05,Horizontal,16:35,7,0
769,14/05/2021,2:39,2021-07-07 05:37:14,protocol,14:49,7,0
770,14/05/2021,14:08,2021-07-16 03:41:06,Graphic Interface,17:42,9,0
771,14/05/2021,12:16,2021-06-08 07:24:52,circuit,15:58,9,0
772,14/05/2021,14:44,2021-07-07 11:30:41,Exclusive,17:04,10,0
773,14/05/2021,14:56,2021-07-25 01:13:56,help-desk,10:53,7,0
774,14/05/2021,18:10,2021-07-13 13:08:18,superstructure,10:41,8,0
775,14/05/2021,8:07,2021-07-14 16:59:06,Monitored,13:37,10,0
776,14/05/2021,0:01,2021-06-26 19:15:16,Cloned,16:23,7,0
777,14/05/2021,11:25,2021-05-19 05:00:44,capability,12:06,9,0
778,14/05/2021,16:14,2021-07-26 19:42:32,knowledge user,16:42,8,0
779,14/05/2021,17:04,2021-06-21 07:03:09,Horizontal,13:07,8,0
780,14/05/2021,5:06,2021-06-14 14:52:14,value-added,17:42,9,0
781,14/05/2021,11:54,2021-07-20 20:45:12,alliance,13:40,8,0
782,14/05/2021,5:34,2021-06-30 02:22:24,Vision-oriented,15:19,10,0
783,14/05/2021,8:47,2021-05-20 13:35:43,Multi-lateral,16:16,7,0
784,14/05/2021,18:42,2021-07-24 16:34:00,fresh-thinking,10:17,7,0
785,14/05/2021,7:20,2021-06-21 16:17:02,Robust,12:03,9,0
786,14/05/2021,11:57,2021-06-23 21:20:36,global,14:06,7,0
787,14/05/2021,22:52,2021-06-24 13:04:11,Multi-lateral,12:16,10,0
788,14/05/2021,11:21,2021-06-09 18:07:26,Horizontal,11:59,9,0
789,14/05/2021,10:37,2021-05-16 15:06:40,software,12:07,10,0
790,14/05/2021,15:20,2021-05-18 00:33:42,interactive,17:55,10,0
791,14/05/2021,7:58,2021-07-24 00:17:22,Streamlined,14:06,10,0
792,14/05/2021,9:00,2021-07-09 05:44:24,Reduced,16:39,9,0
793,14/05/2021,21:56,2021-06-08 06:31:03,Total,11:00,10,0
794,14/05/2021,6:20,2021-07-12 15:15:48,Cross-group,17:55,7,0
795,14/05/2021,5:16,2021-06-24 18:32:01,help-desk,14:45,7,0
796,14/05/2021,23:56,2021-06-24 10:28:47,Team-oriented,15:59,9,0
797,14/05/2021,6:41,2021-06-19 15:49:04,secured line,13:20,10,0
798,14/05/2021,1:06,2021-06-11 16:35:57,dedicated,16:58,6,0
799,14/05/2021,3:07,2021-07-25 22:09:48,Customizable,17:41,9,0
800,14/05/2021,1:37,2021-05-21 05:06:34,motivating,16:31,9,0
801,14/05/2021,5:02,2021-06-08 18:45:24,tertiary,13:35,9,0
802,14/05/2021,11:02,2021-06-05 04:56:01,open system,10:09,8,0
803,14/05/2021,2:04,2021-06-03 18:01:20,product,17:07,7,0
804,14/05/2021,3:07,2021-07-01 11:15:36,Operative,15:54,8,0
805,14/05/2021,9:08,2021-07-16 07:06:09,solution-oriented,17:40,10,0
806,14/05/2021,4:21,2021-07-04 18:19:15,tertiary,13:45,6,0
807,14/05/2021,11:35,2021-07-19 07:19:04,Re-contextualized,10:19,8,0
808,14/05/2021,21:03,2021-07-08 11:41:53,full-range,12:46,8,0
809,14/05/2021,8:21,2021-07-28 04:50:05,radical,17:58,6,0
810,14/05/2021,11:18,2021-07-16 04:45:58,attitude,15:07,7,0
811,14/05/2021,13:54,2021-05-20 05:11:45,throughput,12:22,10,0
812,14/05/2021,19:40,2021-05-14 02:41:57,Seamless,15:55,8,0
813,14/05/2021,22:43,2021-05-18 15:11:02,archive,12:24,6,0
814,14/05/2021,11:08,2021-06-12 07:40:55,synergy,16:06,8,0
815,14/05/2021,12:51,2021-06-19 03:42:48,paradigm,16:50,6,0
816,14/05/2021,14:44,2021-06-30 20:34:51,solution,11:47,8,0
817,14/05/2021,0:13,2021-05-18 13:22:50,contextually-based,12:01,7,0
818,14/05/2021,16:50,2021-05-26 17:58:05,5th generation,13:16,8,0
819,14/05/2021,9:57,2021-06-03 08:06:02,multimedia,10:53,7,0
820,14/05/2021,3:25,2021-07-10 11:03:34,Digitized,13:24,6,0
821,14/05/2021,2:34,2021-07-16 14:15:20,Virtual,14:50,6,0
822,14/05/2021,5:08,2021-07-22 01:47:55,national,13:30,9,0
823,14/05/2021,2:12,2021-06-29 12:11:01,tangible,10:03,6,0
824,14/05/2021,22:52,2021-07-01 14:01:53,24 hour,16:42,10,0
825,14/05/2021,20:08,2021-06-29 03:53:41,human-resource,16:03,8,0
826,14/05/2021,19:52,2021-07-04 09:43:18,high-level,16:08,10,0
827,14/05/2021,10:31,2021-06-06 23:51:31,Universal,17:26,7,0
828,14/05/2021,9:27,2021-06-17 04:41:56,parallelism,15:07,7,0
829,14/05/2021,5:49,2021-07-28 12:44:44,user-facing,11:18,6,0
830,14/05/2021,14:18,2021-06-21 12:48:03,initiative,11:27,7,0
831,14/05/2021,22:33,2021-05-20 06:15:48,Virtual,15:24,7,0
832,14/05/2021,15:25,2021-07-30 15:52:25,approach,11:02,6,0
833,14/05/2021,4:36,2021-06-02 05:12:16,time-frame,13:30,10,0
834,14/05/2021,2:18,2021-05-23 01:36:39,Front-line,13:25,7,0
835,14/05/2021,12:27,2021-05-28 20:09:21,alliance,17:54,10,0
836,14/05/2021,17:12,2021-05-27 13:26:33,next generation,14:47,8,0
837,14/05/2021,8:28,2021-07-01 07:09:40,function,11:28,7,0
838,14/05/2021,13:31,2021-06-13 05:35:51,Organized,16:44,7,0
839,14/05/2021,19:17,2021-06-20 03:25:03,conglomeration,15:14,10,0
840,14/05/2021,19:34,2021-05-18 19:19:33,scalable,15:37,9,0
841,14/05/2021,2:14,2021-05-31 07:11:54,multimedia,10:02,10,0
842,14/05/2021,7:46,2021-07-05 23:54:46,responsive,16:34,10,0
843,14/05/2021,18:07,2021-06-27 08:47:43,functionalities,10:47,8,0
844,14/05/2021,4:27,2021-07-09 04:02:15,4th generation,16:10,7,0
845,14/05/2021,9:09,2021-06-05 17:44:08,radical,14:07,10,0
846,14/05/2021,11:36,2021-07-26 13:07:41,solution-oriented,17:28,6,0
847,14/05/2021,14:04,2021-06-15 07:05:53,asymmetric,14:43,9,0
848,14/05/2021,6:03,2021-07-22 08:40:01,Synchronised,16:44,9,0
849,14/05/2021,5:42,2021-07-10 06:15:54,bifurcated,16:44,6,0
850,14/05/2021,7:11,2021-07-21 08:04:25,client-server,13:14,8,0
851,14/05/2021,21:19,2021-06-05 20:15:53,flexibility,13:44,10,0
852,14/05/2021,7:13,2021-06-02 10:13:16,hierarchy,12:46,9,0
853,14/05/2021,19:34,2021-05-26 14:49:40,middleware,17:02,10,0
854,14/05/2021,18:19,2021-07-16 18:45:56,definition,13:57,9,0
855,14/05/2021,12:42,2021-06-13 15:25:18,fresh-thinking,12:55,6,0
856,14/05/2021,15:28,2021-07-24 13:31:35,groupware,16:58,7,0
857,14/05/2021,0:31,2021-07-13 20:52:04,Face to face,10:10,7,0
858,14/05/2021,5:58,2021-07-07 12:19:24,product,15:27,6,0
859,14/05/2021,20:12,2021-06-11 20:38:16,Implemented,11:54,9,0
860,14/05/2021,17:08,2021-07-23 13:22:49,Cross-platform,11:09,7,0
861,14/05/2021,13:25,2021-06-12 16:42:34,asynchronous,16:52,9,0
862,14/05/2021,11:17,2021-06-26 23:20:48,focus group,11:47,10,0
863,14/05/2021,3:48,2021-06-22 08:19:36,uniform,13:07,8,0
864,14/05/2021,6:19,2021-05-14 11:14:35,budgetary management,16:58,7,0
865,14/05/2021,2:54,2021-05-19 03:08:58,didactic,13:18,7,0
866,14/05/2021,12:00,2021-07-18 21:49:16,tertiary,13:38,10,0
867,14/05/2021,23:46,2021-05-17 07:18:35,database,13:02,7,0
868,14/05/2021,21:38,2021-06-06 02:01:01,Graphic Interface,17:05,8,0
869,14/05/2021,6:53,2021-07-25 17:21:00,budgetary management,15:24,6,0
870,14/05/2021,20:06,2021-06-28 16:55:18,Proactive,17:51,9,0
871,14/05/2021,9:39,2021-07-27 03:14:45,middleware,14:49,6,0
872,14/05/2021,11:34,2021-07-27 03:42:14,artificial intelligence,13:51,9,0
873,14/05/2021,12:23,2021-05-31 03:14:00,encryption,17:57,6,0
874,14/05/2021,3:07,2021-07-07 23:16:59,executive,15:08,6,0
875,14/05/2021,10:28,2021-05-18 16:51:11,artificial intelligence,14:55,9,0
876,14/05/2021,19:35,2021-07-25 22:55:38,Digitized,15:07,9,0
877,14/05/2021,4:19,2021-07-04 05:12:24,Virtual,13:42,7,0
878,14/05/2021,8:45,2021-06-01 04:19:43,heuristic,10:35,9,0
879,14/05/2021,5:17,2021-07-06 12:56:20,Mandatory,16:18,7,0
880,14/05/2021,16:55,2021-06-03 11:04:50,demand-driven,17:03,7,0
881,14/05/2021,3:26,2021-05-27 19:39:02,orchestration,16:39,10,0
882,14/05/2021,3:32,2021-07-10 14:04:44,zero defect,14:06,7,0
883,14/05/2021,21:29,2021-07-03 18:21:07,circuit,12:03,10,0
884,14/05/2021,21:59,2021-06-01 09:32:57,Graphic Interface,17:03,10,0
885,14/05/2021,3:40,2021-06-19 05:48:31,success,10:48,10,0
886,14/05/2021,19:39,2021-05-17 21:56:32,neural-net,17:33,10,0
887,14/05/2021,23:08,2021-07-14 01:46:03,contingency,16:46,6,0
888,14/05/2021,11:11,2021-06-12 12:48:56,directional,12:33,7,0
889,14/05/2021,22:59,2021-06-16 05:33:26,productivity,10:21,8,0
890,14/05/2021,14:53,2021-06-05 06:27:40,stable,16:48,8,0
891,14/05/2021,22:12,2021-07-17 20:23:15,installation,11:24,10,0
892,14/05/2021,23:07,2021-07-16 13:20:36,core,17:15,7,0
893,14/05/2021,13:24,2021-06-11 10:41:43,Stand-alone,12:06,6,0
894,14/05/2021,13:36,2021-06-05 10:32:25,Seamless,17:29,9,0
895,14/05/2021,22:42,2021-06-15 03:31:12,Open-architected,11:00,9,0
896,14/05/2021,23:13,2021-06-23 16:20:23,monitoring,10:18,6,0
897,14/05/2021,11:00,2021-07-06 00:20:30,Open-source,16:22,6,0
898,14/05/2021,8:40,2021-06-29 17:54:37,Horizontal,13:40,6,0
899,14/05/2021,14:21,2021-06-20 04:36:59,budgetary management,15:31,7,0
900,14/05/2021,0:06,2021-05-23 01:26:01,Front-line,13:04,10,0
901,14/05/2021,5:40,2021-07-22 01:07:10,demand-driven,15:37,10,0
902,14/05/2021,0:16,2021-06-23 07:10:22,neutral,10:42,10,0
903,14/05/2021,12:59,2021-05-14 12:09:17,functionalities,10:10,6,0
904,14/05/2021,17:25,2021-06-27 00:23:02,Programmable,11:43,6,0
905,14/05/2021,17:29,2021-07-01 14:23:07,3rd generation,14:52,8,0
906,14/05/2021,20:15,2021-06-19 13:21:45,product,11:15,8,0
907,14/05/2021,22:04,2021-06-30 14:05:12,composite,10:14,10,0
908,14/05/2021,3:35,2021-07-28 11:46:36,Fundamental,13:07,6,0
909,14/05/2021,18:08,2021-05-16 19:09:56,Grass-roots,13:24,7,0
910,14/05/2021,12:57,2021-06-06 23:32:30,function,15:45,9,0
911,14/05/2021,17:52,2021-06-01 19:48:30,Cross-platform,10:44,8,0
912,14/05/2021,18:59,2021-07-15 18:06:30,bifurcated,17:50,8,0
913,14/05/2021,1:37,2021-06-27 19:29:05,pricing structure,11:53,10,0
914,14/05/2021,14:59,2021-05-31 09:10:03,Intuitive,10:06,9,0
915,14/05/2021,18:08,2021-07-02 08:22:44,coherent,10:10,10,0
916,14/05/2021,13:33,2021-07-22 17:18:50,motivating,17:41,6,0
917,14/05/2021,22:01,2021-06-02 21:49:58,eco-centric,11:53,8,0
918,14/05/2021,11:41,2021-06-03 05:34:12,responsive,14:45,10,0
919,14/05/2021,11:35,2021-06-04 09:52:59,Virtual,15:36,7,0
920,14/05/2021,11:48,2021-07-11 00:14:01,paradigm,17:11,9,0
921,14/05/2021,8:46,2021-06-28 05:54:33,modular,16:07,7,0
922,14/05/2021,17:19,2021-07-23 09:50:55,algorithm,11:36,7,0
923,14/05/2021,15:25,2021-07-02 18:33:20,Expanded,16:33,10,0
924,14/05/2021,22:56,2021-05-15 23:49:38,Grass-roots,17:09,10,0
925,14/05/2021,6:08,2021-06-08 09:28:10,Reverse-engineered,15:00,7,0
926,14/05/2021,21:32,2021-06-11 12:14:48,contingency,13:35,9,0
927,14/05/2021,8:00,2021-07-05 00:13:37,Operative,17:23,8,0
928,14/05/2021,17:55,2021-05-21 22:13:22,De-engineered,14:45,10,0
929,14/05/2021,0:44,2021-05-24 17:22:44,attitude,17:59,8,0
930,14/05/2021,23:50,2021-07-06 09:45:56,Re-engineered,13:43,10,0
931,14/05/2021,22:53,2021-07-04 16:10:40,encompassing,13:41,7,0
932,14/05/2021,0:31,2021-07-24 19:07:55,dedicated,15:04,6,0
933,14/05/2021,14:17,2021-07-22 10:14:16,intermediate,13:20,9,0
934,14/05/2021,17:49,2021-06-30 16:08:14,background,17:11,8,0
935,14/05/2021,1:49,2021-06-29 12:19:52,analyzer,15:29,7,0
936,14/05/2021,22:30,2021-06-18 13:27:31,Team-oriented,12:29,8,0
937,14/05/2021,12:18,2021-06-06 18:47:12,Advanced,12:07,10,0
938,14/05/2021,7:51,2021-05-27 22:22:00,moratorium,10:18,6,0
939,14/05/2021,1:44,2021-07-09 15:10:50,demand-driven,16:28,8,0
940,14/05/2021,13:40,2021-06-25 20:31:43,Seamless,15:27,8,0
941,14/05/2021,19:03,2021-07-18 06:19:59,initiative,17:02,7,0
942,14/05/2021,20:17,2021-07-03 08:47:33,matrices,16:17,7,0
943,14/05/2021,20:48,2021-07-27 11:06:16,incremental,15:38,9,0
944,14/05/2021,2:11,2021-07-02 11:45:03,Operative,12:44,8,0
945,14/05/2021,1:40,2021-06-12 04:55:29,radical,16:30,7,0
946,14/05/2021,18:02,2021-07-07 16:35:24,Front-line,14:34,9,0
947,14/05/2021,17:35,2021-07-23 13:30:39,context-sensitive,16:36,8,0
948,14/05/2021,0:25,2021-05-20 03:35:58,Horizontal,13:13,8,0
949,14/05/2021,17:32,2021-07-23 17:32:52,systematic,12:52,6,0
950,14/05/2021,0:56,2021-06-29 16:39:16,human-resource,16:50,9,0
951,14/05/2021,4:24,2021-07-29 19:25:47,Organic,14:57,6,0
952,14/05/2021,10:59,2021-06-13 13:25:58,groupware,12:07,8,0
953,14/05/2021,15:05,2021-07-16 20:32:05,human-resource,11:34,9,0
954,14/05/2021,0:40,2021-06-30 18:36:01,Customizable,12:39,8,0
955,14/05/2021,6:04,2021-07-26 06:44:41,Graphic Interface,13:41,10,0
956,14/05/2021,4:36,2021-05-26 06:14:24,demand-driven,13:39,8,0
957,14/05/2021,13:44,2021-06-20 19:57:59,architecture,16:00,6,0
958,14/05/2021,21:58,2021-05-24 00:19:40,transitional,16:12,7,0
959,14/05/2021,6:27,2021-07-17 03:10:41,bifurcated,12:35,6,0
960,14/05/2021,3:58,2021-07-11 22:02:02,Organized,16:01,10,0
961,14/05/2021,15:32,2021-06-28 04:23:55,internet solution,17:29,9,0
962,14/05/2021,8:47,2021-07-05 17:56:25,dynamic,17:16,10,0
963,14/05/2021,22:19,2021-06-16 18:53:50,global,12:56,9,0
964,14/05/2021,12:12,2021-06-15 00:21:16,middleware,10:11,6,0
965,14/05/2021,13:22,2021-06-14 02:55:52,function,16:49,10,0
966,14/05/2021,13:46,2021-07-22 13:40:22,Devolved,11:08,7,0
967,14/05/2021,8:58,2021-07-09 21:43:55,system-worthy,12:25,6,0
968,14/05/2021,7:40,2021-06-19 22:39:09,mission-critical,16:26,8,0
969,14/05/2021,12:49,2021-06-16 23:04:16,Quality-focused,14:48,9,0
970,14/05/2021,21:22,2021-07-26 00:17:21,Inverse,17:03,10,0
971,14/05/2021,14:43,2021-06-19 17:58:43,artificial intelligence,17:13,8,0
972,14/05/2021,2:32,2021-07-29 19:09:36,non-volatile,14:44,10,0
973,14/05/2021,6:32,2021-05-20 02:18:05,human-resource,14:03,8,0
974,14/05/2021,7:21,2021-06-15 09:03:40,5th generation,14:45,9,0
975,14/05/2021,0:15,2021-07-05 13:55:31,standardization,14:56,10,0
976,14/05/2021,9:49,2021-05-16 01:48:04,client-driven,11:45,8,0
977,14/05/2021,11:03,2021-05-16 03:01:13,encryption,10:08,10,0
978,14/05/2021,22:30,2021-06-10 16:14:36,Optimized,13:48,6,0
979,14/05/2021,3:31,2021-05-24 09:17:02,directional,10:53,9,0
980,14/05/2021,22:06,2021-05-24 02:20:35,analyzing,13:08,9,0
981,14/05/2021,13:47,2021-05-21 02:12:08,Horizontal,14:06,10,0
982,14/05/2021,7:18,2021-06-28 22:17:27,methodical,10:41,6,0
983,14/05/2021,5:47,2021-05-19 02:32:31,focus group,10:44,6,0
984,14/05/2021,2:07,2021-05-22 09:11:13,standardization,16:13,8,0
985,14/05/2021,0:03,2021-06-21 05:28:39,Persevering,11:58,8,0
986,14/05/2021,2:45,2021-07-30 19:19:34,capacity,13:04,8,0
987,14/05/2021,11:32,2021-07-15 13:01:02,tertiary,13:04,10,0
988,14/05/2021,1:29,2021-06-30 18:01:45,budgetary management,11:15,10,0
989,14/05/2021,20:59,2021-07-27 19:53:57,matrices,15:58,6,0
990,14/05/2021,17:00,2021-06-08 18:31:03,hub,12:18,10,0
991,14/05/2021,4:55,2021-07-04 17:47:35,benchmark,10:39,7,0
992,14/05/2021,14:31,2021-07-05 19:26:09,Self-enabling,14:48,9,0
993,14/05/2021,11:54,2021-06-27 01:02:41,static,17:50,9,0
994,14/05/2021,3:41,2021-07-27 11:03:55,client-driven,17:02,7,0
995,14/05/2021,1:39,2021-05-27 16:37:31,flexibility,16:05,8,0
996,14/05/2021,16:39,2021-07-07 15:27:40,focus group,10:00,9,0
997,14/05/2021,19:22,2021-06-26 16:33:40,alliance,11:46,8,0
998,14/05/2021,9:20,2021-06-07 01:22:19,Universal,16:21,9,0
999,14/05/2021,7:41,2021-06-08 01:22:49,needs-based,14:47,8,0
1000,14/05/2021,6:51,2021-05-14 01:10:06,Advanced,16:00,8,0
