id,first_name,last_name,phonenumber,average_delivery_time,number_of_deliveries
201,Israel,Ellicombe,8924843813,26,90
202,Caren,Plume,8268194582,7,440
203,Peadar,Abramin,4099561502,11,166
204,Nil,Bourchier,7845539242,24,72
205,Carole,Hardi,4952786288,29,148
206,Melisa,Gladtbach,6802994348,9,400
207,Prudence,Hanbury,7269970994,6,90
208,Garv,Kerss,4152700811,16,238
209,Jeanna,Iacovolo,3824298428,30,207
210,Bobine,Taunton.,7234237109,27,217
211,Zorine,Gowans,1023228700,15,87
212,Zorine,McCallum,7172448063,26,321
213,Ethe,McCay,1499426309,12,184
214,Bobbi,Verralls,6171067032,14,381
215,Truman,Androsik,8751867002,11,192
216,Josey,Siddaley,2608193051,12,423
217,Bastien,Endecott,2605832188,6,436
218,Malena,Kobisch,3955431257,9,471
219,Currey,Gatiss,6486308936,24,233
220,Magdaia,Guillon,6018982467,6,304
221,Cariotta,Drust,3678232174,6,390
222,Hewitt,Diperaus,1835810761,27,478
223,Milt,Tine,1196431761,15,42
224,Barbey,Wallhead,4896185315,25,483
225,Maureen,Emsley,4996289954,18,212
226,Ami,Enric,4875495848,20,425
227,Charmaine,Reyner,8952673745,13,403
228,Elissa,Zavittieri,7598885197,5,155
229,Siobhan,Reggiani,6023445283,27,467
230,Tessy,Tumayan,7061769901,30,144
231,Natalie,Gurden,8323925131,10,426
232,Elmira,Rhule,2495758729,11,104
233,Garfield,Rapi,6651015256,6,198
234,Cacilia,Thinn,5657874691,12,469
235,Leland,Litchfield,6752112527,11,196
236,Murvyn,Currm,5909517146,13,200
237,Brittani,Rosedale,6022969579,18,430
238,Magdalene,Moreton,6465883745,19,478
239,Kennie,Sapwell,2734011722,11,476
240,Virginia,Talboy,8748758793,16,223
241,Billie,Eriksson,1009878913,12,333
242,Janina,Oven,2949090658,27,171
243,Bianca,Baumaier,2926535378,17,469
244,Lew,Chevis,6486773596,12,441
245,Corrina,Raggatt,1272106904,23,141
246,Kary,Carnilian,2418014833,5,189
247,Catlin,Casotti,3435596441,6,95
248,Florenza,MacMenemy,8863961128,27,56
249,Gilligan,Clitheroe,2174580003,17,337
250,Misha,Pyrton,7518380136,20,37
251,Odele,Iron,8714007555,16,358
252,Nelly,Hatz,2619288100,10,443
253,Jannelle,Meriot,9099626442,8,434
254,Jonah,Dulanty,2201610483,22,127
255,Dell,Meneghi,7201844833,5,352
256,Guillema,Haldon,1159842995,23,239
257,Baxie,Barmadier,3933103687,18,456
258,Ruperto,Hardware,9487150778,23,293
259,Florian,Trowsdall,5361085670,26,460
260,Albie,Neylon,2977997353,7,322
261,Ursa,Larciere,2649838802,20,150
262,Ingamar,Griswaite,9143764862,12,41
263,Floria,Waghorne,1742305880,15,310
264,Dotti,Calbaithe,1009952091,27,25
265,Giraud,MacAulay,9464870224,30,491
266,Orazio,Degoy,8642283628,19,459
267,Elvira,Butterick,9669088964,7,89
268,May,Coopland,9904362553,21,477
269,Antin,Killwick,4474574924,22,486
270,Bird,Martini,8752615658,10,283
271,Guinevere,Bewly,3676372129,6,74
272,Elysee,Elwill,6643495886,5,387
273,Early,Torrisi,7713136127,25,231
274,Darcy,Messier,3767020516,24,422
275,Cassey,Krollmann,3236538444,29,253
276,Brina,Povele,8131853787,21,442
277,Pepe,Erley,8729739163,25,462
278,Charity,Momford,6007809002,29,40
279,Nariko,McCamish,9362553000,5,336
280,Sigvard,O'Driscole,9557622449,23,209
281,Norby,Heathorn,2392029626,27,136
282,Prentiss,Dorrell,5288868370,6,212
283,Rebeca,Josefovic,4071277455,11,421
284,Daisie,Dowman,7059846633,17,263
285,Berti,Cliss,6645861245,28,289
286,Fabe,Leason,7215461806,30,456
287,Terencio,Matthews,2669522689,22,349
288,Kiel,Haley,3146905960,26,149
289,Mikol,Meiklem,7452630704,22,141
290,Shep,Mendez,2303563207,7,123
291,Constantino,Fritter,4858245371,24,180
292,Case,Ginie,5631609144,19,306
293,Pebrook,Labrom,7664576767,24,217
294,Moss,Armit,5344618836,16,185
295,Gunar,Piggford,2668248202,26,42
296,Claudina,O'Carrol,9323380714,19,146
297,Jolie,Caplin,1626861633,24,423
298,Penni,Althorp,4067365993,24,168
299,Avram,Jenson,3065264244,18,134
300,Terza,Surplice,4541745108,30,51
