id,first_name,last_name,phonenumber,address_id
301,Hirsch,Laxen,940721824,431
302,Lilyan,Flello,746926405,270
303,Cyndia,Collinwood,487883756,212
304,Joyce,Faldoe,335057426,276
305,Aland,Morphew,504776540,46
306,Julie,Feltoe,847760210,344
307,Jess,Ellerington,184102122,95
308,Milissent,Parbrook,576778254,271
309,Amandie,Sennett,486634291,142
310,Giff,Hoggetts,145266231,149
311,Haslett,Collymore,448777476,318
312,Esteban,Feldon,913584979,354
313,Jan,Brear,659839722,50
314,Jillene,Claisse,960383538,404
315,Gerick,Izakof,124417161,247
316,Alix,Croneen,973372591,75
317,Zarah,Joly,361754920,157
318,Magdalena,Renahan,380299254,316
319,Tremayne,Stubbings,291078362,417
320,Hernando,Salaman,468009537,215
321,Yettie,Stainsby,462709826,94
322,Yehudit,McCullen,376758559,212
323,Wanda,Chislett,232682176,218
324,Mathian,Zahor,952696711,137
325,Jarrett,Adamson,912167905,428
326,Minne,Lynock,226490993,181
327,Parsifal,Ives,132077600,335
328,Kerby,Arndt,989247138,219
329,Harley,Robinson,926347705,301
330,Tamera,Kilalea,161752033,149
331,Randal,Bromont,848889979,425
332,Trstram,Jordison,754696378,355
333,Constancy,Whitebrook,349830217,417
334,Florette,Alberts,965478727,382
335,Ester,Le Maitre,778992003,311
336,Marion,Jee,858483957,357
337,Demetria,Knappitt,710193051,1
338,Humbert,Giamitti,407534834,256
339,Dacy,Kemish,243791627,268
340,Mathian,Dunford,857916957,95
341,Alethea,Anger,365416553,321
342,Darci,Mille,952095424,426
343,Anallise,Linnett,730385745,497
344,Clemence,Sherville,166872883,272
345,Shannon,Ekkel,873727517,360
346,Mindy,Gantzer,573447649,21
347,Carly,Bruff,768414151,414
348,Mercedes,Llewellen,125766177,253
349,Dorthy,Laurie,486024673,134
350,Jinny,Widdowson,626586794,14
351,Mavis,Kyttor,914836253,305
352,Shina,Hanniger,227634755,456
353,Jessika,Gymlett,726617835,162
354,Kendre,Rutter,684067319,377
355,Grannie,Hargreave,780878600,431
356,Karolina,Cully,867716905,389
357,Joye,Elgram,564071891,491
358,Federico,Whittick,960681606,5
359,Abbey,Curnucke,157240510,484
360,Franny,McKeighen,194223042,447
361,Shayla,Lundon,951428230,276
362,Marys,Cattemull,270388480,128
363,Jaime,Dunabie,818223175,140
364,Sylvia,Kuhnel,704883318,409
365,Susette,Keningley,616440334,385
366,Wynn,Rivitt,982415427,60
367,Celinka,Keyte,949352692,215
368,Micheal,Girling,127833255,486
369,Kaylyn,Liddel,985477193,150
370,Catharina,Williamson,229824076,365
371,Deanna,Yewdell,619502401,289
372,Zebadiah,Cockerill,844208193,289
373,Elie,Eakley,678938927,354
374,Xenos,Breese,924858929,113
375,Erinna,O'Neal,397160186,500
376,Chuck,Yurmanovev,734127259,409
377,Delainey,Pavitt,896015720,292
378,Sal,Jekel,981290952,320
379,Cesya,Bugdale,925968190,372
380,Lowell,Coley,659183346,444
381,Germana,Waterdrinker,420736520,335
382,Gil,Wenman,270279483,296
383,Lars,Van Der Weedenburg,158983245,71
384,Corry,Groll,766785294,347
385,Fanni,Woolsey,159046378,303
386,Caterina,Barthelmes,160521515,312
387,Chantal,Valdes,203921096,497
388,Adel,Camidge,383936536,406
389,Lalo,Kelland,290338519,262
390,Jere,Chalker,346658633,400
391,Nerita,Warret,609290722,70
392,Nowell,Bywaters,198839884,267
393,Madelena,Lode,824691661,393
394,Brooke,Lowerson,983722053,25
395,Rickert,McFarlane,603066678,222
396,Torrie,Mearns,651947055,230
397,Bliss,Blackston,819289734,466
398,Karlik,Allcott,571077737,145
399,Kira,Mille,446406063,353
400,Kev,Tows,114166007,494
401,Hastings,Silvers,544142415,369
402,Alexio,Barabich,831155924,460
403,Claribel,Samwell,123997975,459
404,Cyrill,Haley,974652071,300
405,Cassandry,Schruurs,708099697,304
406,Sophi,Atkinson,237687716,93
407,Karlik,Struan,701024061,135
408,Sebastiano,Perel,240218671,1
409,Wynny,Lenney,589965316,81
410,Fiona,Benoi,702829595,49
411,Karylin,Bruhnke,108867002,74
412,Keelia,Josowitz,356349259,474
413,Petra,Blakeney,430556984,474
414,Tish,Poxon,101589400,494
415,Hersh,Ubsdell,365732667,225
416,Kelsi,Vicary,921355732,135
417,Chen,Stayt,613482433,141
418,See,Fominov,314800928,348
419,Ulla,Toby,744227161,472
420,Hobart,Caldwall,554483935,319
421,Ofilia,Skerman,912630620,274
422,Dory,Shearmur,840706326,112
423,Hurley,Bertolin,901992366,359
424,Alexia,Balassa,870860345,142
425,Shaylah,Grimestone,110933671,207
426,Federica,Brockington,526889363,191
427,Riannon,Wragge,939873556,417
428,Tyrus,Clark,601903336,80
429,Leupold,Wadham,561139405,370
430,Brice,Verna,852878701,305
431,Bronny,Lambell,365688423,66
432,Nicholas,Patrono,922979958,94
433,Maddy,Luckie,632052524,196
434,Elonore,Plewright,806561278,303
435,Darcy,Lampkin,925987715,135
436,Waverly,Pepis,351194785,227
437,Shelton,Somerlie,855702427,307
438,Iorgo,Gambles,197115076,194
439,Karalee,Donkersley,924330252,127
440,Cornelius,Salvidge,358884597,258
441,Mahmud,Valde,982455899,161
442,Chilton,Gladdin,710143271,343
443,Elwira,Archbold,174653576,464
444,Rebe,Eskell,589682914,251
445,Sondra,Mattack,934857670,492
446,Aundrea,Beadnell,809034143,323
447,Yale,Jurasz,550819594,2
448,Ray,Pentecust,241669197,26
449,Gannon,Galfour,915695218,64
450,Adelbert,Palethorpe,542919870,436
451,Gwenneth,Albrighton,643329093,42
452,Minor,Seebright,336045255,136
453,Maximo,Boch,224558582,274
454,Nisse,Delhanty,810227313,290
455,Leonid,Mines,673089047,360
456,Lilith,Dreher,682983691,164
457,Jarrod,Curness,502513804,101
458,Adriana,Kilmurray,929918017,138
459,Trey,Sallarie,839277881,408
460,Mac,Klimentov,823123546,57
461,Nanete,McKeachie,380531154,404
462,Dwain,Cornfoot,927918308,350
463,Muire,Braycotton,856816737,351
464,Jareb,Trippitt,790261365,117
465,Stormy,Dilke,892996485,337
466,Norry,Codner,684452479,104
467,Kai,Waterson,719009780,361
468,Giralda,Paudin,397419152,466
469,Bran,De Mars,128100035,37
470,Lilian,Ransley,284722093,454
471,Muriel,Kermott,469397511,81
472,Lisabeth,Shann,936753855,103
473,Bess,Repp,123921946,496
474,Erskine,Betham,778524689,317
475,Helenka,Peckitt,868673450,119
476,Toinette,Gendrich,130467038,103
477,Henka,Poad,208454246,497
478,Birch,Lilian,931609943,56
479,Noella,Gatehouse,755968560,223
480,Mil,Prichard,921726179,418
481,Lita,Mancell,994845903,333
482,Alfons,Gemson,749142346,318
483,Prudy,Chandlar,670517565,221
484,Rodge,Stuchbery,272878766,486
485,Margeaux,Keele,179674214,389
486,Kristi,Helgass,519202573,470
487,Benny,MacIan,289164772,20
488,Emmalee,Essex,692218617,104
489,Miguel,Pettendrich,921824260,386
490,Tait,Tomaskov,179827857,101
491,Claiborn,Rodie,740550855,149
492,Rosanna,Senogles,251171882,105
493,Wilbur,Westhofer,974423969,388
494,Matthus,Willmot,133820251,489
495,Deloria,Cullagh,110339339,206
496,Nappy,Harby,908685325,200
497,Lonnie,Danieli,980424641,331
498,Curt,Selborne,938414077,469
499,Shelagh,Hounsham,557532965,224
500,Lynette,Feldklein,760527245,418
501,Izzy,Manshaw,442361784,82
502,Jessie,Regan,787782103,39
503,Hedy,Halesworth,415196365,160
504,Chaim,Langdale,230155167,163
505,Loutitia,Niesegen,419255776,494
506,Tobit,Bowmen,339053545,274
507,Saidee,Linnett,134596954,296
508,Iggy,Enright,998306405,111
509,Briggs,Fowell,699058750,419
510,Agnes,Green,322007768,382
511,Peder,Armitt,894571698,274
512,Barris,Fleis,934833309,216
513,Mead,Till,739155738,464
514,Lothaire,Earpe,135109333,429
515,Bev,Daglish,221691850,405
516,Jennifer,Gooderidge,814913251,208
517,Cyrus,De Freitas,409479187,426
518,Fremont,Dooley,818789159,259
519,Jaquelyn,Millmore,371968065,218
520,Raine,Ambage,374082905,132
521,Zane,Jewis,658160720,115
522,Doro,Martyn,737629042,317
523,Aggy,Leasor,575212115,27
524,Shea,Musgrove,974429979,317
525,Berkeley,Havill,132061255,221
526,Dorothea,Valde,593047173,225
527,Willa,Forrestill,791209841,73
528,Luce,Pepi,802369921,80
529,Luis,O'Hagerty,230235414,238
530,Page,Mayler,887111822,425
531,Lynnett,Lashmar,915723881,360
532,Mersey,Shewring,744206975,336
533,Hortense,Elias,701454801,358
534,Ambrosio,Douty,257989378,39
535,Bernie,Cowton,681511883,366
536,Colly,Jearum,647686638,370
537,Cacilie,Bowick,431791318,263
538,Lizabeth,Tampling,124884721,405
539,Shaylah,De Michele,783557153,169
540,Christiana,Molian,258610594,352
541,Ari,Avarne,547129392,459
542,Falkner,Konrad,178139397,468
543,Tyrus,Francescuzzi,870496707,368
544,Lib,Carnachen,451922027,135
545,Thomasa,Drejer,887597428,155
546,Bret,Cardenoso,892433952,425
547,Mira,Siburn,531681783,495
548,Hilarius,Vallentin,789560569,40
549,Sullivan,Petracchi,379569167,82
550,Hugibert,Ivankin,909936116,91
551,Amalia,Sampson,501712457,274
552,Cherlyn,Guiso,638154981,424
553,Mahmoud,Antonat,706912770,365
554,Venita,Sliney,455982060,44
555,Garek,Ashpital,714283684,157
556,Stefano,Cuphus,339315247,464
557,Marion,Niset,356746968,500
558,Tasia,Musk,389499234,18
559,Duane,Heskin,541197547,221
560,Neil,Bolger,264427734,275
561,Keenan,Bedwell,257396430,471
562,Laird,Mateiko,131138209,64
563,Merna,Steinham,302937293,92
564,Alison,Hemmingway,749197524,84
565,Sandy,Guislin,330308490,249
566,Beitris,Kenworth,706258650,296
567,Benjamen,Isenor,804890206,273
568,Rickey,Boat,982985754,316
569,Sharla,Attrey,738098817,305
570,Donnajean,Buncom,903381375,201
571,Hort,Mattin,901904923,266
572,Dora,Crinson,576440573,198
573,Zora,Stanfield,489640489,245
574,Gabriell,Martt,647046299,1
575,Nigel,Dahlborg,187441694,428
576,Aurie,Polglaze,524489297,256
577,Guthry,Harford,112260298,220
578,Beale,MacGebenay,869674413,130
579,Melisenda,Faye,247388043,155
580,Alejandro,Chasteney,995454336,418
581,Ewen,Tarbard,559608662,219
582,Ingaberg,Grelka,508829447,374
583,Trudey,Vanderplas,780596739,294
584,Ingram,Aitchison,743193419,410
585,Upton,Indruch,216415702,409
586,Dayna,Sinclair,237563606,2
587,Alena,World,390657517,364
588,Sarina,Tomei,731626352,490
589,Irvin,Guerrieri,972566886,266
590,Arline,Colling,305968889,206
591,Davin,Tace,532376512,59
592,Kaila,Freyne,541908539,320
593,Skyler,Gherardini,290934199,26
594,Prentice,Ahrenius,998821794,258
595,Morry,Lias,680143375,466
596,Eldridge,Jobin,827847080,237
597,Hailee,Patifield,737024381,322
598,Ulrike,Hanford,898123526,413
599,Stanfield,Cudd,732986665,457
600,Kissie,Lehrian,508355844,34
601,Virgie,Alcalde,786432594,366
602,Con,Skedge,792653489,330
603,Rad,Deely,363899106,62
604,Susi,Lovemore,592702580,378
605,Johnnie,Lamming,130558979,207
606,Kearney,Tuer,672282476,190
607,Beatrix,Ricciardello,814114900,145
608,Giordano,Fullager,749631649,95
609,Catie,Ghirardi,340914326,259
610,Lea,Colafate,348900112,446
611,Robinette,Melson,956983872,310
612,Michelle,Fowkes,198925766,284
613,Salmon,Tuminelli,462819419,386
614,Perry,Isacoff,814737166,56
615,Hank,Guy,451137040,15
616,Brady,Cooper,497097204,127
617,Stacia,Marmon,175236177,188
618,Casey,Busher,558317315,280
619,Trstram,Rowlinson,582711372,83
620,Sidonia,Saer,124463589,128
621,Genny,Laurencot,891464433,270
622,Daveta,Kittredge,578199764,119
623,Gertie,Saladin,256891853,409
624,Darby,Baudinet,577440141,201
625,Willette,Drinkel,938015332,472
626,Inesita,Siman,544507132,399
627,Marcela,MacGebenay,400005183,394
628,Dominick,Snewin,721035081,324
629,Alic,Sach,579846777,85
630,Essy,Oliff,146678089,74
631,Beniamino,Bantham,452210061,212
632,Marita,Hanshawe,834844466,306
633,Timi,O'Glessane,949886645,250
634,Garvey,Bonnesen,144827597,284
635,Dennie,Clutheram,260747976,258
636,Krissy,Testin,325840710,475
637,Brana,Klimaszewski,481146273,92
638,Dody,Peegrem,201709793,118
639,Olenolin,Jeannaud,667907503,16
640,Norman,Tume,751549255,52
641,Corry,Ludovico,913375579,350
642,Honey,Shreeve,813836411,246
643,Henrie,Ratazzi,301255458,250
644,Derick,Ajsik,387574510,166
645,Bernardine,Jodkowski,978862237,59
646,Alvis,Forsyde,626934616,327
647,Orbadiah,Snartt,132940327,293
648,Doll,Fann,682523544,111
649,Karlis,Worsfold,910672846,199
650,Cooper,O'Dowgaine,617101555,120
651,Julio,Guinan,917563107,20
652,Myriam,Jephcote,366521945,115
653,Ryun,Curphey,893408679,193
654,Sawyer,Escala,600423702,162
655,Deva,Kirdsch,149400227,352
656,Nissy,Dayborne,226178320,378
657,Gibby,De La Cote,142486993,254
658,Wilton,Zapatero,520904821,357
659,Leann,Van der Son,142157884,179
660,Bunny,Gaven,754696605,187
661,Lombard,Buse,173547221,115
662,Sayer,Colcutt,897636343,164
663,Cedric,Penburton,956418006,127
664,Tyrus,Campelli,358137441,421
665,Clive,Okroy,381269077,450
666,Dana,Huton,377219931,285
667,Edd,Wade,167936697,332
668,Cam,Menezes,478179671,138
669,Grayce,Oldrey,903144576,44
670,Vernice,Hinrichsen,727456429,284
671,Hector,Knoller,958316314,131
672,Audrye,Hyndman,954321328,368
673,Marion,Yea,690260399,325
674,Mercedes,Lamerton,323673495,309
675,Mame,Padbury,988866845,229
676,Elbertine,Humburton,350209923,341
677,Celisse,Petts,821143838,281
678,Scarlet,Steffans,100653750,272
679,Vic,Dunbleton,878066340,97
680,Theodosia,Ferronel,755084455,155
681,Eward,Sneyd,899520245,148
682,Inesita,Vispo,588326875,454
683,Kissie,Penni,995438989,459
684,Muffin,Tynewell,492143988,480
685,Ettie,Eickhoff,232236026,96
686,Gibbie,Waterfall,679507897,460
687,Jennilee,Lang,143057341,339
688,Rosette,Matuszinski,801940370,240
689,Ellary,Errington,751340446,315
690,Lloyd,Ludlow,560482923,411
691,Solly,Newarte,666854668,179
692,Rolando,Lithcow,430382081,126
693,Bendick,Tomczynski,748988886,131
694,Lauretta,Braferton,522249920,299
695,Maryellen,Grimstead,926546182,398
696,Farah,Fillon,357359464,113
697,Errol,Gallen,604919143,118
698,Sylvan,Pentecost,680508204,148
699,Roxana,Banham,954206208,298
700,Cortie,Mabey,167366849,322
701,Ivonne,Soffe,822384886,5
702,Paolo,Mewis,896411621,301
703,Celie,Varey,535340398,229
704,Chen,Maron,458552795,496
705,Genna,Janku,493575489,124
706,Devy,Odlin,488920851,272
707,Abigail,Barnwell,869678839,434
708,Agnella,Tinn,343779699,298
709,Kristyn,Goodday,563653702,162
710,Dollie,Ghirigori,426678671,204
711,Hillel,Ruben,255272127,384
712,Adrianne,Letty,559096479,444
713,Sarita,Bartali,187039850,199
714,Albie,Kisbee,495982274,321
715,Fern,Longstaffe,217650408,222
716,Tanya,McRonald,115548143,281
717,Fay,Baldick,972601284,280
718,Karoly,Maudson,404505358,355
719,Bevin,Skyme,773324861,380
720,Lance,Thecham,958394486,159
721,Omar,Blodgetts,837090760,278
722,Eileen,Thomke,630560569,325
723,Vlad,Crowcombe,284949515,322
724,Lexi,Mickan,254541250,317
725,Hurleigh,Martensen,335144877,86
726,Silvanus,Benes,762657431,243
727,Jory,Packman,142837816,439
728,Ranice,Geeson,394897511,469
729,Alexi,Everly,535815036,150
730,Franciska,Klimmek,731281074,309
731,Yoshiko,Lionel,795750271,232
732,Kelvin,Pedracci,695906068,391
733,Meir,Sibbs,178732586,354
734,Lanna,Crady,310517275,275
735,Clim,Kerss,170151313,105
736,Eldredge,Ghest,698060161,155
737,Packston,Pharro,156409284,64
738,Corrine,Bosson,382919768,417
739,Anatole,Chaffyn,595533828,293
740,Ruddy,Erridge,249508141,109
741,Sargent,Pimlett,972670155,169
742,Jasen,Barthropp,195659412,67
743,Nathalia,Dessant,996276154,342
744,Beth,Gusney,750999971,288
745,Verla,Siddons,352451083,340
746,Cami,Philliskirk,233152932,352
747,Cher,Johann,721521311,190
748,Quent,Mealiffe,913304903,368
749,Barb,Dorrins,219699391,362
750,Benjamen,Masden,605168105,391
751,Sidonia,Crassweller,574120555,205
752,Carver,Poone,846947706,20
753,Eziechiele,Raubenheimers,190193596,414
754,Bev,Leven,213742054,454
755,Lemmy,Ghost,967874708,248
756,Francene,Cesaric,791810762,225
757,William,Cullinane,750307413,247
758,Lissie,Normand,521671684,98
759,Enrichetta,Elderidge,657189103,253
760,Harlene,Andreasen,628610082,480
761,Marcy,Warlock,538000544,190
762,Rusty,Dashwood,351279280,132
763,Leoline,Terzo,451613567,336
764,Dolph,Briscam,168788071,251
765,Misha,Harcus,409945287,123
766,Corene,Pietzner,715995562,397
767,Pietro,Castelletti,908058591,117
768,Sallyann,Glennie,600438764,327
769,Levon,Mauditt,618281789,497
770,Ursola,Jeannin,702240138,281
771,Joella,Fibbit,505650476,173
772,Helen-elizabeth,Lacknor,337250668,275
773,Keslie,Cubitt,973968924,178
774,Karen,Scardifeild,928054584,192
775,Tilly,Gronw,256501862,79
776,Addy,Dyott,715999548,43
777,Rudiger,Thresher,791831155,408
778,Franciskus,Audas,490799827,48
779,Vevay,Harbertson,205654772,495
780,Mahmud,Goolden,762053324,165
781,Jule,Toppin,561897326,390
782,Gregg,Birts,195371217,42
783,Anatol,Gwatkin,285221491,382
784,Rory,Relph,269478670,106
785,Sonya,Mears,783783156,341
786,Jaquith,Clemenzi,368531627,30
787,Callida,Rickasse,677399221,415
788,Carey,Loseke,616489896,177
789,Monique,Fedoronko,135760962,65
790,Lynnell,Sichardt,188388999,308
791,Red,Yedy,766801301,57
792,Shandee,Scarfe,443184767,20
793,Linell,Gregorin,508844653,211
794,Jorey,Taffurelli,556065408,269
795,Faye,Jakubowicz,666295236,396
796,Onofredo,Kahane,361642199,495
797,Deeanne,Robatham,943360883,77
798,Phillip,Mendel,364952492,40
799,Mariam,Northcote,757113277,98
800,Palm,Moorman,713499680,463
801,Nadia,Kensit,485533286,366
802,Alyse,Darter,839052031,207
803,Ardisj,Filchakov,299907430,145
804,Zane,Habbal,498845012,255
805,Vincenz,Giraldo,103846960,485
806,Hamel,Lomansey,576554133,481
807,Glenna,De Beauchamp,662328693,156
808,Sharona,Ismay,161992141,450
809,Rustin,Duiged,464961686,180
810,Tally,Rogliero,793076755,441
811,Maddie,Coldman,623058747,401
812,Celie,Everil,368500189,145
813,Kiri,Stieger,875391980,71
814,Lazarus,Aristide,857650507,197
815,Winfred,Kirkpatrick,797406469,170
816,Gene,Klimuk,363989658,168
817,Lilllie,Pound,710231692,224
818,Zabrina,Prover,987311934,207
819,Esma,Pracy,885517023,37
820,Westleigh,Baxstar,503185203,299
821,Nelli,Mollindinia,527551331,395
822,Adela,Trevers,760656143,407
823,Tiebout,Newlands,140439882,371
824,Fidel,Giottini,438264084,309
825,Nancie,Pollie,952590063,402
826,Oren,Calyton,614369782,292
827,Quentin,Gilardone,501839486,257
828,Esma,Mulvey,592440656,488
829,Eva,Girault,246923418,23
830,Andrey,Sprey,529122297,490
831,Noni,Hamlyn,359546043,415
832,Ermentrude,Fenney,424222699,264
833,Christie,Fullstone,818753028,155
834,Lorrie,Tranfield,690414888,241
835,Bunny,Wickwar,293800107,259
836,Jarred,Osant,895892622,188
837,Clyve,Sandcraft,170615596,415
838,Annabal,O'Keaveny,499188552,112
839,Werner,Di Francecshi,911985382,363
840,Winfield,De Luna,577880510,352
841,Elladine,Seckington,336867257,53
842,Britteny,Guerin,601846899,6
843,Sanders,Prynne,833306236,159
844,Farrell,Waby,803920672,300
845,Otto,Heffer,879784113,308
846,Terri,Coverly,396598186,368
847,Hannis,Bonhome,478026379,13
848,Myrlene,Hugueville,992759344,475
849,Randene,Tinkler,276746116,151
850,Germayne,Lundberg,597026913,177
851,Karen,Laird-Craig,185396433,374
852,Felicia,Jankovsky,851335862,490
853,Sharleen,Fencott,227400643,241
854,Allina,Peagram,685338348,178
855,Nathanael,Bucknell,695953247,308
856,Mikkel,Clemitt,236014961,470
857,Woodie,Grigorey,917470732,181
858,Honoria,Greveson,366473277,59
859,Sydel,Kernes,668579244,434
860,Malanie,Maynard,173650900,453
861,Brook,Gadeaux,280959734,288
862,Sigfried,Blankhorn,911588229,446
863,Gustaf,Lewins,164818847,423
864,Catlin,Lanyon,533525419,464
865,Clementia,Bowerman,369348299,329
866,Fernande,Paintain,106589082,341
867,Wilhelm,Matcham,512667834,265
868,Dawn,Jenney,365730159,257
869,Deanna,Dunthorne,126783368,472
870,Johannes,Bilbrooke,396629258,302
871,Todd,Willmetts,115476769,200
872,Diarmid,Hartwell,997086941,397
873,Steffane,Gadd,960801041,30
874,Tobin,Marmion,558520063,199
875,Terrell,Buse,900728378,455
876,Hilton,Halsted,506677231,446
877,Gustavo,Cooney,810852520,278
878,Aimil,Gadault,212559752,68
879,Mufinella,Scimoni,734980309,475
880,Cathrine,Kilcullen,572220572,444
881,Nerta,Fehner,825698094,369
882,Rosalie,Calverley,105696479,443
883,Kalli,Bone,600423647,17
884,Kalle,Lefley,349907304,403
885,Lindsay,Sinkin,337380905,414
886,Kacy,Tythacott,630677543,472
887,Erl,McEntee,861865802,353
888,Patton,Bleakman,943725763,297
889,Homere,Scampion,883864730,485
890,Kamilah,Lindenberg,742352893,238
891,Normy,Konneke,897993439,221
892,Adham,Rochelle,778426223,228
893,Dyan,Manon,456710505,417
894,Lynnelle,Palek,889931581,158
895,Lura,Absalom,206537129,283
896,Vito,Rylance,402482716,232
897,Barney,Theobald,543907839,40
898,Phip,Mackerel,734294758,314
899,Arri,Alyutin,502688973,448
900,Barron,Steenson,208085598,130
901,Alyosha,Brackstone,672630028,8
902,Abbey,Dallas,902241777,292
903,Annabella,Lamas,287458689,184
904,Jarid,Coupman,413380434,80
905,Dyana,Perrelli,749840089,346
906,Cody,Lingard,915138423,447
907,Marice,Newall,957032309,479
908,Faina,Gerardi,889656185,74
909,Jody,Eschalotte,656049686,271
910,Murvyn,Touzey,153329038,341
911,Julissa,Boncore,943375119,476
912,Tyrus,Leadbeatter,176059771,37
913,Lenci,Vasilik,404247525,349
914,Lexis,Afonso,559844100,410
915,Dominic,Weerdenburg,903388941,442
916,Mickie,Maass,170634958,390
917,Katey,Skpsey,584311499,123
918,Ephrem,Teresse,772854496,382
919,Jud,Vasic,633031694,239
920,Donica,Sabati,244612731,174
921,Suzy,Beard,151545856,428
922,Kissee,Whardley,925464681,146
923,Petr,Lubeck,559271476,84
924,Roxanna,Faragher,521241908,186
925,Allie,Hornbuckle,991808574,42
926,Curry,Sawrey,432651189,34
927,Nedi,Clerke,260947237,138
928,Aaren,Bownde,510873125,131
929,Ardith,Waldocke,275407640,362
930,Reine,Seppey,785096517,447
931,Ertha,Boyen,132488682,424
932,Hillard,Summerly,892498952,219
933,Kendra,Franschini,671078979,199
934,Wrennie,Surgener,311872589,135
935,Eziechiele,Malim,509503640,108
936,Renato,Niven,637430621,276
937,Stafani,Liversley,909689728,103
938,Emlyn,Rogan,545238659,338
939,Konstantin,Deniset,306633186,267
940,Carlene,Levin,502341918,108
941,Carla,Netti,686319640,77
942,Vernor,Iacopetti,308805389,131
943,Iggie,Avey,405132844,70
944,Camala,Varne,840470588,398
945,Montgomery,Perry,525870960,334
946,Michal,Sapsed,660323050,212
947,Beilul,Secretan,258158575,105
948,Marty,Grabb,522743543,109
949,Waylan,Yitzowitz,912392236,150
950,Winny,Jarret,607945250,83
951,Reinhard,Bhar,762015341,487
952,Nissa,Yele,350805563,274
953,Rochell,Barth,945848989,256
954,Saxon,Coneybeare,747468053,47
955,Cordelie,Todaro,842507502,454
956,Gino,Proske,116693435,356
957,Dick,Arent,942882248,234
958,Sarita,Abdon,182724991,500
959,Garik,Rafferty,130082310,191
960,Teressa,Velte,711207337,390
961,Nichole,Hansie,804971134,268
962,Shannon,Petersen,469025643,403
963,Danyette,Pickerell,265914147,82
964,Harp,Prine,337894477,30
965,Kyle,Apfelmann,906847883,134
966,Cloris,Dubbin,461249637,33
967,Clareta,Goodwins,899074622,264
968,Kirsten,Gohn,357580144,208
969,Weidar,Deshorts,977586431,429
970,Aldrich,Jewis,635399124,318
971,Winny,Raynard,970861713,22
972,Lothaire,Saunder,489720388,264
973,Artus,Soares,846362527,365
974,Gael,Bernli,865616715,3
975,Tommie,Bellie,176366466,120
976,Valentia,Fownes,531528601,473
977,Shepherd,Yelyashev,475047842,451
978,Kathryn,Collecott,931048892,87
979,Minetta,Garioch,839882684,448
980,Celle,Wickens,571456634,147
981,Judas,Valentine,829323664,140
982,Hadleigh,Bickle,567212679,19
983,Fawne,Ingerman,409968964,393
984,Matias,Ewin,430261686,79
985,Florencia,Iveagh,391492862,64
986,Lorelle,McCullen,228333732,493
987,Liva,Rohlf,928132614,280
988,Camey,Campanelli,779140605,239
989,Bernita,Cuff,761897219,252
990,Gertie,Gerge,991659916,156
991,Gardner,Orr,803331452,151
992,Cati,Corking,269277523,199
993,Starr,Gorch,195458526,348
994,Allsun,Bernardy,721331526,366
995,Anni,Hune,590388121,45
996,Jeremias,Paradine,465226540,69
997,Bibi,Addlestone,895480958,381
998,Pammy,Landor,303455135,340
999,Lavina,Placidi,216267547,486
1000,Fan,Gullis,270877194,71
1001,Horatio,Sinnett,663003010,257
1002,Alfie,Fawdry,969543143,483
1003,Elisha,Kener,812919953,41
1004,Towney,Pinchon,557074557,285
1005,Martin,Flode,417182117,136
1006,Bondy,Ipwell,397932157,103
1007,Kiersten,Eckersall,335044688,101
1008,Rob,Wackley,123595334,492
1009,Neal,Romera,341986413,374
1010,Halli,Dring,403667810,337
1011,Rakel,Haynesford,505061885,236
1012,Cleavland,Steinhammer,487395992,109
1013,Frederic,Scobbie,770941001,356
1014,Ashleigh,Stedall,271410425,306
1015,Becka,Conley,809405043,284
1016,Wilton,Jimson,284628507,470
1017,Norine,Pulfer,483266725,386
1018,Dom,Hardison,808496892,127
1019,Zack,Donnelly,870679001,4
1020,Randal,Carbonell,888688917,148
1021,Shep,Coggen,997784572,213
1022,Skye,McLeish,122419439,3
1023,Cora,Chamley,231422382,131
1024,Cyril,Maps,655619682,117
1025,Junie,Donegan,584296153,417
1026,Llewellyn,Richford,970512037,137
1027,Cristabel,Clash,190328865,343
1028,Massimo,Giovannini,675685702,221
1029,Trstram,Largan,179940801,127
1030,Gerri,Stonebanks,839519048,160
1031,Drusilla,Berriball,553280685,420
1032,Ronnie,Mitchell,716512432,234
1033,Andee,Pucknell,896147005,273
1034,Clarissa,Bernardoni,223664890,90
1035,Griffy,Spellesy,691149629,170
1036,Glen,Titmus,947103847,399
1037,Jami,Cakebread,507771104,437
1038,Dania,Moehler,689853801,4
1039,Jaye,Castiello,883491862,203
1040,Michal,Imloch,456435196,3
1041,Gardiner,Flood,217694361,219
1042,Mia,Jefferies,117894678,140
1043,Elbertine,Bracher,242793378,222
1044,Lambert,Gallyon,357291373,398
1045,Skip,Fiddy,669381454,61
1046,Krysta,Velareal,920384292,4
1047,Noellyn,Aldred,414137060,8
1048,Antonetta,Sterley,211805130,257
1049,Maire,Ginie,593473665,193
1050,Debi,Purdon,689575468,14
1051,Lizette,Eastope,657726633,228
1052,Sheffie,Momford,243915505,9
1053,Hugo,Clothier,522683812,40
1054,Romain,Witchell,230711791,397
1055,Sari,Westmancoat,335961669,152
1056,Alix,Byham,136796362,294
1057,Christian,Jotcham,339724416,73
1058,Gregorio,MacClay,186059776,377
1059,Jerrine,Murdoch,570829604,372
1060,Mirella,MacGoun,949323386,305
1061,Erv,Stonhewer,675692073,395
1062,Ailsun,Lilliman,305494440,210
1063,Gustave,Jillis,191281813,386
1064,Lucila,Siemons,789300461,95
1065,Gertrud,Sinton,440890666,205
1066,Linzy,Downage,706458865,479
1067,Evelina,Tourne,448439857,180
1068,Hardy,Faichney,866384712,491
1069,Darby,Springate,593802054,287
1070,Walsh,Mackrill,576158599,219
1071,Adham,McGrudder,306307652,274
1072,Teodora,Hallawell,932256496,246
1073,Malina,Caurah,877593625,479
1074,Dulcy,Beekmann,208512809,46
1075,Ivy,Trice,350715536,439
1076,Pippo,Armin,356685603,253
1077,Karole,Metschke,208467439,242
1078,Carolynn,Fink,407114925,391
1079,Grove,Doolan,928017926,184
1080,Rora,Dufore,660886710,133
1081,Frieda,Fearnside,245622400,191
1082,Ivar,Marousek,631305394,475
1083,Sigismundo,Bentson,194517512,303
1084,Pierre,Challis,757029320,308
1085,Shane,Drake,634266885,309
1086,Elia,Jinkin,442893938,498
1087,Dorey,Throssell,726422342,236
1088,Alejoa,Fontanet,896612550,140
1089,Jeanna,O'Glassane,617532068,223
1090,Eve,Shelvey,744035688,5
1091,Christine,Chezier,281196727,293
1092,Sarine,Schirach,832113863,235
1093,Blondelle,Shaddick,650681396,106
1094,Shannon,Skryne,347154933,401
1095,Wolfie,de Quincey,695815181,347
1096,Leoine,Redwing,774729162,37
1097,Bartholomeo,Deport,146800347,196
1098,Gregory,Lambden,962165886,213
1099,Serge,Loxley,243275579,188
1100,Alisa,Clulee,263377965,61
1101,Xylia,Longstreet,983925708,383
1102,Giff,Dix,965512409,425
1103,Angelique,Keeton,637418755,459
1104,Barbabra,Woodyer,436004863,341
1105,Antonina,Hammel,179855835,499
1106,Geneva,Tillard,724766886,81
1107,Daryn,Britto,367414708,166
1108,Kalvin,Campsall,529722227,198
1109,Dana,Drews,552206989,240
1110,Ignatius,Drayn,596748572,276
1111,Elianora,Peverell,103325400,294
1112,Dian,Fotherby,321679707,232
1113,Lynnelle,Rosoman,514406538,440
1114,Calla,Dobson,148472987,175
1115,Emalee,Plimmer,332501047,168
1116,Clovis,Senechault,386304276,68
1117,Berne,Bulcock,364123311,140
1118,Myca,Torrie,497325235,456
1119,Miles,Dubock,831683850,321
1120,Trina,Hussey,905633709,62
1121,Travus,Cropper,316291015,15
1122,Dana,Hugill,803783656,58
1123,Saunderson,Pringour,440190122,275
1124,Gilberto,Cockrem,494955179,52
1125,Ynez,Senior,462220663,162
1126,Sandie,Harman,571602529,390
1127,Carin,Forseith,820935791,459
1128,Curt,Shewery,781545588,405
1129,Bo,Hukin,842340694,170
1130,Agna,Wilflinger,117134248,424
1131,Iris,Weal,567105463,238
1132,Cornelius,Minkin,416199862,444
1133,Jacquelin,MacGeffen,565306294,234
1134,Parrnell,Bril,897508793,134
1135,Ellwood,Johnsey,897640808,454
1136,Beverley,Tuffey,597550992,210
1137,Jemmie,Folks,958311060,301
1138,Friederike,Reveland,916522473,382
1139,Raquel,Keuning,635469065,305
1140,Giana,Crippen,820947891,224
1141,Neddie,Wyborn,766793794,479
1142,Amelina,Standbridge,305675496,464
1143,Frank,Calkin,920838129,372
1144,Englebert,Ballard,553622930,399
1145,Robinett,Grimwood,300282379,120
1146,Teodorico,Gianolini,394042031,2
1147,Othelia,Dales,792361271,181
1148,Eduard,Nurdin,490433361,308
1149,Gerianne,Severs,169639019,327
1150,Annemarie,Brevetor,861780126,440
1151,Phyllida,Sicha,614921182,75
1152,Alanah,Fullerlove,888152386,286
1153,Roman,Askham,785049918,51
1154,Christen,Whines,197631746,240
1155,Stacie,Peaple,676332197,456
1156,Zacharias,Vaen,182201515,433
1157,Glennie,Conachy,717617115,466
1158,Abbe,Clemensen,124763742,416
1159,Jeri,Impey,954346370,283
1160,Delia,Bartlomiej,666793907,486
1161,Alastair,Krause,450145040,474
1162,Liz,Nevill,684964020,267
1163,Prentice,McCreedy,980889785,2
1164,Veronika,Flook,863075565,128
1165,Stanwood,Minchi,607082185,198
1166,Thurstan,Pople,532986315,26
1167,Yvonne,Thieme,327974428,442
1168,Abba,Seamons,241809305,54
1169,Susette,But,828776823,339
1170,Rafaelita,Robbie,310362135,352
1171,Clarette,Towll,391017413,49
1172,Jock,Fardy,883198136,444
1173,Sibylle,Alliot,718896299,149
1174,Marlene,Crowson,926243562,224
1175,Alberta,Goulding,543963396,498
1176,Fan,McFaul,919648144,1
1177,Wittie,Winspur,390016646,118
1178,Minor,Stutard,509402508,98
1179,Tanitansy,Harral,179016658,454
1180,Holmes,Tewelson,282589826,487
1181,Caterina,Kalinovich,338079815,203
1182,Bondie,Bailes,206387034,258
1183,Malva,Yendall,129873348,387
1184,Agustin,Brigden,728713225,193
1185,Roberta,Greenhough,774232985,311
1186,Elysha,Birnie,850160481,446
1187,Cos,Schirach,771484521,441
1188,Ronalda,Faust,187719369,276
1189,Saidee,Kleinhausen,998708625,344
1190,Woodrow,Denisyuk,366763708,262
1191,Nikaniki,Paddie,491071339,404
1192,Jesselyn,Kenneford,181636068,251
1193,Francisca,Danneil,798912058,45
1194,Avril,Olifard,991887346,494
1195,Leona,Mowsdale,599881403,27
1196,Dody,Barthrup,715449963,434
1197,Gerrilee,Welburn,594157470,379
1198,Geralda,Webster,576420657,456
1199,Norman,Wasbey,496129868,461
1200,Adams,Crambie,966831193,325
1201,Tarra,Million,865719705,75
1202,Read,Fattore,298574953,65
1203,Ellene,Rous,930257580,100
1204,Britney,McIlreavy,629178989,247
1205,Irving,Tureville,487979622,392
1206,Hanna,Godridge,707786693,309
1207,Letizia,LAbbet,319357612,347
1208,Johnnie,Markie,694915724,357
1209,Phyllis,Ledur,769238894,412
1210,Valeda,Middiff,352543467,436
1211,Giffy,Whetson,580582837,448
1212,Richardo,Wilhelmy,548299954,170
1213,Dorothea,Faunch,337923223,225
1214,Osmond,Coase,391787913,316
1215,Hussein,Pellatt,570686827,113
1216,Alethea,Mears,823395809,247
1217,Olympe,Valentine,284419167,414
1218,Prinz,Rollinson,465889964,163
1219,Bradney,Elener,293419611,398
1220,Erminie,Shovelin,884343620,452
1221,Milicent,Yell,181285071,450
1222,Rouvin,Guiducci,563698361,126
1223,Spencer,Wadelin,929853811,8
1224,Darlene,Eschalette,444096449,346
1225,Carilyn,Berrycloth,838040647,78
1226,Pauly,Andreolli,572479236,248
1227,Tammara,Miklem,390025943,404
1228,Alika,Purshouse,532654670,108
1229,Broderick,Maro,525419132,51
1230,Kristan,Offener,348392116,215
1231,Janette,Hourigan,229862930,208
1232,Arnie,D'Almeida,340685898,474
1233,Veradis,McDugal,698592884,286
1234,Opalina,Fitchen,458834976,81
1235,Micky,Espinay,350977029,406
1236,Bethanne,Aiton,942762438,273
1237,Casey,Matthews,623032815,115
1238,Guenna,MacGilpatrick,774879437,83
1239,Marcile,Benkin,847088478,2
1240,Velma,Matyasik,359345032,105
1241,Jyoti,Josovitz,832884593,281
1242,Park,Ballendine,795705114,217
1243,Jori,Hardington,332590539,217
1244,Moyra,Thomke,836318634,416
1245,Olympie,Buche,748148575,199
1246,Leontine,Simmell,530106770,371
1247,Susie,Plom,379479992,334
1248,Dukie,Darbishire,617182413,494
1249,Shaina,Bienvenu,135925313,493
1250,Martica,Dymocke,226573751,244
1251,Theresina,Goodricke,934151758,268
1252,Gianna,Wellan,970601265,385
1253,Boniface,Ciani,322508321,237
1254,Riannon,Lain,191250226,206
1255,Jaquenetta,Battson,554184255,61
1256,Risa,Beany,416680711,447
1257,Nannette,Kingswood,128725434,237
1258,Amalee,Lathan,922124818,129
1259,Kendrick,Bonelle,776028767,444
1260,Annaliese,Barff,879778392,43
1261,Crystal,Hubble,238186438,93
1262,Rey,Langridge,367391339,34
1263,Ignazio,Greenroad,216522615,37
1264,Nicolette,Clifton,803539813,64
1265,Florri,Buddington,852772764,221
1266,Issie,Thayre,278188405,155
1267,Alli,Eyes,351358102,299
1268,Billie,Clilverd,772865193,458
1269,Jake,McAneny,347656251,280
1270,Rozele,Skynner,491451562,87
1271,Oralee,Fardo,840907130,3
1272,Eugenia,De Zuani,953117752,183
1273,Richard,Philipet,602147613,45
1274,Chloris,Blyth,404789203,244
1275,Angelia,Late,295855918,451
1276,Emera,McHaffy,491778228,427
1277,Bertie,Bewley,841495836,265
1278,Neilla,Newbegin,721437934,409
1279,Werner,Mc Carrick,770765487,332
1280,Opalina,Malham,615309721,121
1281,Doreen,Walne,487689590,58
1282,Marney,Lockner,634523209,211
1283,Artemus,Dmitrovic,990276510,362
1284,Ashien,Plampin,773124398,134
1285,Ches,Burgoine,126796441,491
1286,Veriee,Dancer,129305842,317
1287,Rhetta,Archbold,620135422,50
1288,Madelene,Ruos,135394427,187
1289,Thalia,Fibbens,346546309,316
1290,Lanie,Clem,611307253,298
1291,Artemus,Claye,568342429,454
1292,Levy,Hamper,960606288,77
1293,Angelina,Ruit,444669406,302
1294,Fulton,Skule,489131981,27
1295,Catriona,Bibb,480739553,378
1296,Marlena,Cantillon,405571801,203
1297,Olivie,Diplock,463843493,13
1298,Yetty,Kuscha,813338375,349
1299,Cord,Varfalameev,522601341,267
1300,Romona,Lestor,467165458,330
